A1,A2,B1,B2,sum1,sum2,dif1,dif2,sum_val1,sum_val2,dif_val1,dif_val2,take_adv_ego1,take_adv_ego2,give_adv_ego1,give_adv_ego2,take_adv_other1,take_adv_other2,give_adv_other1,give_adv_other2,take_adv_opt1,take_adv_opt2,give_adv_opt1,give_adv_opt2,take_coop_ego1,take_coop_ego2,give_coop_ego1,give_coop_ego2,take_coop_other1,take_coop_other2,give_coop_other1,give_coop_other2,take_coop_opt1,take_coop_opt2,give_coop_opt1,give_coop_opt2,category_adv_take,category_adv_give,category_coop_take,category_coop_give
7,3,2,6,A,B,A,B,10,8,4,-4,A,B,B,A,B,A,A,B,A,B,B,A,A,B,B,A,A,B,B,A,A,B,B,A,ego_opt,ego_opt,both_opt,both_opt
8,2,4,4,A,B,A,B,10,8,6,0,A,B,B,A,B,A,A,B,A,B,B,A,A,B,B,A,A,B,B,A,A,B,B,A,ego_opt,ego_opt,both_opt,both_opt
2,8,7,6,B,A,B,A,13,10,1,-6,B,A,A,B,A,B,B,A,B,A,A,B,B,A,A,B,B,A,A,B,B,A,A,B,ego_opt,ego_opt,both_opt,both_opt
3,3,2,5,B,A,A,B,7,6,0,-3,A,B,B,A,B,A,A,B,B,A,A,B,A,B,B,A,A,B,B,A,A,B,B,A,other_opt,other_opt,both_opt,both_opt
8,3,2,6,A,B,A,B,11,8,5,-4,A,B,B,A,B,A,A,B,A,B,B,A,A,B,B,A,A,B,B,A,A,B,B,A,ego_opt,ego_opt,both_opt,both_opt
6,7,8,1,A,B,B,A,13,9,7,-1,B,A,A,B,A,B,B,A,A,B,B,A,B,A,A,B,B,A,A,B,B,A,A,B,other_opt,other_opt,both_opt,both_opt
3,2,2,7,B,A,A,B,9,5,1,-5,A,B,B,A,B,A,A,B,B,A,A,B,A,B,B,A,A,B,B,A,A,B,B,A,other_opt,other_opt,both_opt,both_opt
6,6,5,8,B,A,A,B,13,12,0,-3,A,B,B,A,B,A,A,B,B,A,A,B,A,B,B,A,A,B,B,A,A,B,B,A,other_opt,other_opt,both_opt,both_opt
2,5,1,8,B,A,A,B,9,7,-3,-7,A,B,B,A,B,A,A,B,B,A,A,B,A,B,B,A,A,B,B,A,A,B,B,A,other_opt,other_opt,both_opt,both_opt
3,8,4,4,A,B,B,A,11,8,0,-5,B,A,A,B,A,B,B,A,A,B,B,A,B,A,A,B,B,A,A,B,B,A,A,B,other_opt,other_opt,both_opt,both_opt
4,8,8,1,A,B,B,A,12,9,7,-4,B,A,A,B,A,B,B,A,A,B,B,A,B,A,A,B,B,A,A,B,B,A,A,B,other_opt,other_opt,both_opt,both_opt
7,3,2,7,A,B,A,B,10,9,4,-5,A,B,B,A,B,A,A,B,A,B,B,A,A,B,B,A,A,B,B,A,A,B,B,A,ego_opt,ego_opt,both_opt,both_opt
6,3,1,4,A,B,A,B,9,5,3,-3,A,B,B,A,B,A,A,B,A,B,B,A,A,B,B,A,A,B,B,A,A,B,B,A,ego_opt,ego_opt,both_opt,both_opt
7,5,3,8,A,B,A,B,12,11,2,-5,A,B,B,A,B,A,A,B,A,B,B,A,A,B,B,A,A,B,B,A,A,B,B,A,ego_opt,ego_opt,both_opt,both_opt
7,1,3,2,A,B,A,B,8,5,6,1,A,B,B,A,B,A,A,B,A,B,B,A,A,B,B,A,A,B,B,A,A,B,B,A,ego_opt,ego_opt,both_opt,both_opt
5,3,8,2,B,A,B,A,10,8,6,2,B,A,A,B,A,B,B,A,B,A,A,B,B,A,A,B,B,A,A,B,B,A,A,B,ego_opt,ego_opt,both_opt,both_opt
3,8,5,3,A,B,B,A,11,8,2,-5,B,A,A,B,A,B,B,A,A,B,B,A,B,A,A,B,B,A,A,B,B,A,A,B,other_opt,other_opt,both_opt,both_opt
5,4,1,6,A,B,A,B,9,7,1,-5,A,B,B,A,B,A,A,B,A,B,B,A,A,B,B,A,A,B,B,A,A,B,B,A,ego_opt,ego_opt,both_opt,both_opt
7,1,4,3,A,B,A,B,8,7,6,1,A,B,B,A,B,A,A,B,A,B,B,A,A,B,B,A,A,B,B,A,A,B,B,A,ego_opt,ego_opt,both_opt,both_opt
2,8,3,4,A,B,B,A,10,7,-1,-6,B,A,A,B,A,B,B,A,A,B,B,A,B,A,A,B,B,A,A,B,B,A,A,B,other_opt,other_opt,both_opt,both_opt
8,3,3,5,A,B,A,B,11,8,5,-2,A,B,B,A,B,A,A,B,A,B,B,A,A,B,B,A,A,B,B,A,A,B,B,A,ego_opt,ego_opt,both_opt,both_opt
1,8,6,5,B,A,B,A,11,9,1,-7,B,A,A,B,A,B,B,A,B,A,A,B,B,A,A,B,B,A,A,B,B,A,A,B,ego_opt,ego_opt,both_opt,both_opt
2,6,3,3,A,B,B,A,8,6,0,-4,B,A,A,B,A,B,B,A,A,B,B,A,B,A,A,B,B,A,A,B,B,A,A,B,other_opt,other_opt,both_opt,both_opt
4,7,8,1,A,B,B,A,11,9,7,-3,B,A,A,B,A,B,B,A,A,B,B,A,B,A,A,B,B,A,A,B,B,A,A,B,other_opt,other_opt,both_opt,both_opt
8,3,1,7,A,B,A,B,11,8,5,-6,A,B,B,A,B,A,A,B,A,B,B,A,A,B,B,A,A,B,B,A,A,B,B,A,ego_opt,ego_opt,both_opt,both_opt
7,7,3,8,A,B,A,B,14,11,0,-5,A,B,B,A,B,A,A,B,A,B,B,A,A,B,B,A,A,B,B,A,A,B,B,A,ego_opt,ego_opt,both_opt,both_opt
4,3,1,8,B,A,A,B,9,7,1,-7,A,B,B,A,B,A,A,B,B,A,A,B,A,B,B,A,A,B,B,A,A,B,B,A,other_opt,other_opt,both_opt,both_opt
6,7,7,4,A,B,B,A,13,11,3,-1,B,A,A,B,A,B,B,A,A,B,B,A,B,A,A,B,B,A,A,B,B,A,A,B,other_opt,other_opt,both_opt,both_opt
6,2,2,7,B,A,A,B,9,8,4,-5,A,B,B,A,B,A,A,B,B,A,A,B,A,B,B,A,A,B,B,A,A,B,B,A,other_opt,other_opt,both_opt,both_opt
3,5,4,3,A,B,B,A,8,7,1,-2,B,A,A,B,A,B,B,A,A,B,B,A,B,A,A,B,B,A,A,B,B,A,A,B,other_opt,other_opt,both_opt,both_opt
4,2,2,6,B,A,A,B,8,6,2,-4,A,B,B,A,B,A,A,B,B,A,A,B,A,B,B,A,A,B,B,A,A,B,B,A,other_opt,other_opt,both_opt,both_opt
1,5,3,1,A,B,B,A,6,4,2,-4,B,A,A,B,A,B,B,A,A,B,B,A,B,A,A,B,B,A,A,B,B,A,A,B,other_opt,other_opt,both_opt,both_opt
3,2,2,7,B,A,A,B,9,5,1,-5,A,B,B,A,B,A,A,B,B,A,A,B,A,B,B,A,A,B,B,A,A,B,B,A,other_opt,other_opt,both_opt,both_opt
2,6,4,3,A,B,B,A,8,7,1,-4,B,A,A,B,A,B,B,A,A,B,B,A,B,A,A,B,B,A,A,B,B,A,A,B,other_opt,other_opt,both_opt,both_opt
1,6,3,1,A,B,B,A,7,4,2,-5,B,A,A,B,A,B,B,A,A,B,B,A,B,A,A,B,B,A,A,B,B,A,A,B,other_opt,other_opt,both_opt,both_opt
5,6,6,2,A,B,B,A,11,8,4,-1,B,A,A,B,A,B,B,A,A,B,B,A,B,A,A,B,B,A,A,B,B,A,A,B,other_opt,other_opt,both_opt,both_opt
8,6,3,8,A,B,A,B,14,11,2,-5,A,B,B,A,B,A,A,B,A,B,B,A,A,B,B,A,A,B,B,A,A,B,B,A,ego_opt,ego_opt,both_opt,both_opt
5,2,1,8,B,A,A,B,9,7,3,-7,A,B,B,A,B,A,A,B,B,A,A,B,A,B,B,A,A,B,B,A,A,B,B,A,other_opt,other_opt,both_opt,both_opt
7,3,1,7,A,B,A,B,10,8,4,-6,A,B,B,A,B,A,A,B,A,B,B,A,A,B,B,A,A,B,B,A,A,B,B,A,ego_opt,ego_opt,both_opt,both_opt
2,7,6,6,B,A,B,A,12,9,0,-5,B,A,A,B,A,B,B,A,B,A,A,B,B,A,A,B,B,A,A,B,B,A,A,B,ego_opt,ego_opt,both_opt,both_opt
1,2,6,1,B,A,B,A,7,3,5,-1,B,A,A,B,A,B,B,A,B,A,A,B,B,A,A,B,B,A,A,B,B,A,A,B,ego_opt,ego_opt,both_opt,both_opt
4,3,8,2,B,A,B,A,10,7,6,1,B,A,A,B,A,B,B,A,B,A,A,B,B,A,A,B,B,A,A,B,B,A,A,B,ego_opt,ego_opt,both_opt,both_opt
2,4,8,3,B,A,B,A,11,6,5,-2,B,A,A,B,A,B,B,A,B,A,A,B,B,A,A,B,B,A,A,B,B,A,A,B,ego_opt,ego_opt,both_opt,both_opt
8,2,1,6,A,B,A,B,10,7,6,-5,A,B,B,A,B,A,A,B,A,B,B,A,A,B,B,A,A,B,B,A,A,B,B,A,ego_opt,ego_opt,both_opt,both_opt
1,6,3,3,A,B,B,A,7,6,0,-5,B,A,A,B,A,B,B,A,A,B,B,A,B,A,A,B,B,A,A,B,B,A,A,B,other_opt,other_opt,both_opt,both_opt
1,5,4,4,B,A,B,A,8,6,0,-4,B,A,A,B,A,B,B,A,B,A,A,B,B,A,A,B,B,A,A,B,B,A,A,B,ego_opt,ego_opt,both_opt,both_opt
6,8,7,5,A,B,B,A,14,12,2,-2,B,A,A,B,A,B,B,A,A,B,B,A,B,A,A,B,B,A,A,B,B,A,A,B,other_opt,other_opt,both_opt,both_opt
1,7,7,3,B,A,B,A,10,8,4,-6,B,A,A,B,A,B,B,A,B,A,A,B,B,A,A,B,B,A,A,B,B,A,A,B,ego_opt,ego_opt,both_opt,both_opt
7,2,3,4,A,B,A,B,9,7,5,-1,A,B,B,A,B,A,A,B,A,B,B,A,A,B,B,A,A,B,B,A,A,B,B,A,ego_opt,ego_opt,both_opt,both_opt
4,1,2,8,B,A,A,B,10,5,3,-6,A,B,B,A,B,A,A,B,B,A,A,B,A,B,B,A,A,B,B,A,A,B,B,A,other_opt,other_opt,both_opt,both_opt
4,1,3,6,B,A,A,B,9,5,3,-3,A,B,B,A,B,A,A,B,B,A,A,B,A,B,B,A,A,B,B,A,A,B,B,A,other_opt,other_opt,both_opt,both_opt
2,7,8,5,B,A,B,A,13,9,3,-5,B,A,A,B,A,B,B,A,B,A,A,B,B,A,A,B,B,A,A,B,B,A,A,B,ego_opt,ego_opt,both_opt,both_opt
2,5,6,2,B,A,B,A,8,7,4,-3,B,A,A,B,A,B,B,A,B,A,A,B,B,A,A,B,B,A,A,B,B,A,A,B,ego_opt,ego_opt,both_opt,both_opt
1,3,5,2,B,A,B,A,7,4,3,-2,B,A,A,B,A,B,B,A,B,A,A,B,B,A,A,B,B,A,A,B,B,A,A,B,ego_opt,ego_opt,both_opt,both_opt
7,5,8,1,A,B,B,A,12,9,7,2,B,A,A,B,A,B,B,A,A,B,B,A,B,A,A,B,B,A,A,B,B,A,A,B,other_opt,other_opt,both_opt,both_opt
1,7,6,1,A,B,B,A,8,7,5,-6,B,A,A,B,A,B,B,A,A,B,B,A,B,A,A,B,B,A,A,B,B,A,A,B,other_opt,other_opt,both_opt,both_opt
3,6,8,4,B,A,B,A,12,9,4,-3,B,A,A,B,A,B,B,A,B,A,A,B,B,A,A,B,B,A,A,B,B,A,A,B,ego_opt,ego_opt,both_opt,both_opt
5,4,1,5,A,B,A,B,9,6,1,-4,A,B,B,A,B,A,A,B,A,B,B,A,A,B,B,A,A,B,B,A,A,B,B,A,ego_opt,ego_opt,both_opt,both_opt
6,7,8,4,A,B,B,A,13,12,4,-1,B,A,A,B,A,B,B,A,A,B,B,A,B,A,A,B,B,A,A,B,B,A,A,B,other_opt,other_opt,both_opt,both_opt
6,6,1,7,A,B,A,B,12,8,0,-6,A,B,B,A,B,A,A,B,A,B,B,A,A,B,B,A,A,B,B,A,A,B,B,A,ego_opt,ego_opt,both_opt,both_opt
3,5,4,2,A,B,B,A,8,6,2,-2,B,A,A,B,A,B,B,A,A,B,B,A,B,A,A,B,B,A,A,B,B,A,A,B,other_opt,other_opt,both_opt,both_opt
4,2,2,3,A,B,A,B,6,5,2,-1,A,B,B,A,B,A,A,B,A,B,B,A,A,B,B,A,A,B,B,A,A,B,B,A,ego_opt,ego_opt,both_opt,both_opt
7,2,1,4,A,B,A,B,9,5,5,-3,A,B,B,A,B,A,A,B,A,B,B,A,A,B,B,A,A,B,B,A,A,B,B,A,ego_opt,ego_opt,both_opt,both_opt
1,5,4,3,B,A,B,A,7,6,1,-4,B,A,A,B,A,B,B,A,B,A,A,B,B,A,A,B,B,A,A,B,B,A,A,B,ego_opt,ego_opt,both_opt,both_opt
8,1,4,3,A,B,A,B,9,7,7,1,A,B,B,A,B,A,A,B,A,B,B,A,A,B,B,A,A,B,B,A,A,B,B,A,ego_opt,ego_opt,both_opt,both_opt
7,3,2,7,A,B,A,B,10,9,4,-5,A,B,B,A,B,A,A,B,A,B,B,A,A,B,B,A,A,B,B,A,A,B,B,A,ego_opt,ego_opt,both_opt,both_opt
7,3,4,7,B,A,A,B,11,10,4,-3,A,B,B,A,B,A,A,B,B,A,A,B,A,B,B,A,A,B,B,A,A,B,B,A,other_opt,other_opt,both_opt,both_opt
3,4,8,3,B,A,B,A,11,7,5,-1,B,A,A,B,A,B,B,A,B,A,A,B,B,A,A,B,B,A,A,B,B,A,A,B,ego_opt,ego_opt,both_opt,both_opt
8,2,1,3,A,B,A,B,10,4,6,-2,A,B,B,A,B,A,A,B,A,B,B,A,A,B,B,A,A,B,B,A,A,B,B,A,ego_opt,ego_opt,both_opt,both_opt
1,6,7,3,B,A,B,A,10,7,4,-5,B,A,A,B,A,B,B,A,B,A,A,B,B,A,A,B,B,A,A,B,B,A,A,B,ego_opt,ego_opt,both_opt,both_opt
1,8,3,2,A,B,B,A,9,5,1,-7,B,A,A,B,A,B,B,A,A,B,B,A,B,A,A,B,B,A,A,B,B,A,A,B,other_opt,other_opt,both_opt,both_opt
7,3,4,4,A,B,A,B,10,8,4,0,A,B,B,A,B,A,A,B,A,B,B,A,A,B,B,A,A,B,B,A,A,B,B,A,ego_opt,ego_opt,both_opt,both_opt
4,1,3,5,B,A,A,B,8,5,3,-2,A,B,B,A,B,A,A,B,B,A,A,B,A,B,B,A,A,B,B,A,A,B,B,A,other_opt,other_opt,both_opt,both_opt
5,3,8,2,B,A,B,A,10,8,6,2,B,A,A,B,A,B,B,A,B,A,A,B,B,A,A,B,B,A,A,B,B,A,A,B,ego_opt,ego_opt,both_opt,both_opt
1,4,6,1,B,A,B,A,7,5,5,-3,B,A,A,B,A,B,B,A,B,A,A,B,B,A,A,B,B,A,A,B,B,A,A,B,ego_opt,ego_opt,both_opt,both_opt
2,5,7,3,B,A,B,A,10,7,4,-3,B,A,A,B,A,B,B,A,B,A,A,B,B,A,A,B,B,A,A,B,B,A,A,B,ego_opt,ego_opt,both_opt,both_opt
3,4,1,8,B,A,A,B,9,7,-1,-7,A,B,B,A,B,A,A,B,B,A,A,B,A,B,B,A,A,B,B,A,A,B,B,A,other_opt,other_opt,both_opt,both_opt
2,7,3,1,A,B,B,A,9,4,2,-5,B,A,A,B,A,B,B,A,A,B,B,A,B,A,A,B,B,A,A,B,B,A,A,B,other_opt,other_opt,both_opt,both_opt
2,4,8,2,B,A,B,A,10,6,6,-2,B,A,A,B,A,B,B,A,B,A,A,B,B,A,A,B,B,A,A,B,B,A,A,B,ego_opt,ego_opt,both_opt,both_opt
5,2,1,4,A,B,A,B,7,5,3,-3,A,B,B,A,B,A,A,B,A,B,B,A,A,B,B,A,A,B,B,A,A,B,B,A,ego_opt,ego_opt,both_opt,both_opt
7,4,3,6,A,B,A,B,11,9,3,-3,A,B,B,A,B,A,A,B,A,B,B,A,A,B,B,A,A,B,B,A,A,B,B,A,ego_opt,ego_opt,both_opt,both_opt
2,3,1,5,B,A,A,B,6,5,-1,-4,A,B,B,A,B,A,A,B,B,A,A,B,A,B,B,A,A,B,B,A,A,B,B,A,other_opt,other_opt,both_opt,both_opt
8,3,2,7,A,B,A,B,11,9,5,-5,A,B,B,A,B,A,A,B,A,B,B,A,A,B,B,A,A,B,B,A,A,B,B,A,ego_opt,ego_opt,both_opt,both_opt
3,6,8,4,B,A,B,A,12,9,4,-3,B,A,A,B,A,B,B,A,B,A,A,B,B,A,A,B,B,A,A,B,B,A,A,B,ego_opt,ego_opt,both_opt,both_opt
7,5,2,7,A,B,A,B,12,9,2,-5,A,B,B,A,B,A,A,B,A,B,B,A,A,B,B,A,A,B,B,A,A,B,B,A,ego_opt,ego_opt,both_opt,both_opt
4,1,3,6,B,A,A,B,9,5,3,-3,A,B,B,A,B,A,A,B,B,A,A,B,A,B,B,A,A,B,B,A,A,B,B,A,other_opt,other_opt,both_opt,both_opt
3,8,6,6,B,A,B,A,12,11,0,-5,B,A,A,B,A,B,B,A,B,A,A,B,B,A,A,B,B,A,A,B,B,A,A,B,ego_opt,ego_opt,both_opt,both_opt
5,2,3,3,A,B,A,B,7,6,3,0,A,B,B,A,B,A,A,B,A,B,B,A,A,B,B,A,A,B,B,A,A,B,B,A,ego_opt,ego_opt,both_opt,both_opt
3,5,8,4,B,A,B,A,12,8,4,-2,B,A,A,B,A,B,B,A,B,A,A,B,B,A,A,B,B,A,A,B,B,A,A,B,ego_opt,ego_opt,both_opt,both_opt
1,7,4,2,A,B,B,A,8,6,2,-6,B,A,A,B,A,B,B,A,A,B,B,A,B,A,A,B,B,A,A,B,B,A,A,B,other_opt,other_opt,both_opt,both_opt
3,3,1,8,B,A,A,B,9,6,0,-7,A,B,B,A,B,A,A,B,B,A,A,B,A,B,B,A,A,B,B,A,A,B,B,A,other_opt,other_opt,both_opt,both_opt
5,1,2,3,A,B,A,B,6,5,4,-1,A,B,B,A,B,A,A,B,A,B,B,A,A,B,B,A,A,B,B,A,A,B,B,A,ego_opt,ego_opt,both_opt,both_opt
6,1,3,7,B,A,A,B,10,7,5,-4,A,B,B,A,B,A,A,B,B,A,A,B,A,B,B,A,A,B,B,A,A,B,B,A,other_opt,other_opt,both_opt,both_opt
3,1,2,6,B,A,A,B,8,4,2,-4,A,B,B,A,B,A,A,B,B,A,A,B,A,B,B,A,A,B,B,A,A,B,B,A,other_opt,other_opt,both_opt,both_opt
6,1,1,3,A,B,A,B,7,4,5,-2,A,B,B,A,B,A,A,B,A,B,B,A,A,B,B,A,A,B,B,A,A,B,B,A,ego_opt,ego_opt,both_opt,both_opt
7,2,2,8,B,A,A,B,10,9,5,-6,A,B,B,A,B,A,A,B,B,A,A,B,A,B,B,A,A,B,B,A,A,B,B,A,other_opt,other_opt,both_opt,both_opt
5,8,8,6,B,A,B,A,14,13,2,-3,B,A,A,B,A,B,B,A,B,A,A,B,B,A,A,B,B,A,A,B,B,A,A,B,ego_opt,ego_opt,both_opt,both_opt
6,4,1,8,A,B,A,B,10,9,2,-7,A,B,B,A,B,A,A,B,A,B,B,A,A,B,B,A,A,B,B,A,A,B,B,A,ego_opt,ego_opt,both_opt,both_opt
3,4,8,1,B,A,B,A,9,7,7,-1,B,A,A,B,A,B,B,A,B,A,A,B,B,A,A,B,B,A,A,B,B,A,A,B,ego_opt,ego_opt,both_opt,both_opt
8,2,3,5,A,B,A,B,10,8,6,-2,A,B,B,A,B,A,A,B,A,B,B,A,A,B,B,A,A,B,B,A,A,B,B,A,ego_opt,ego_opt,both_opt,both_opt
2,6,6,3,B,A,B,A,9,8,3,-4,B,A,A,B,A,B,B,A,B,A,A,B,B,A,A,B,B,A,A,B,B,A,A,B,ego_opt,ego_opt,both_opt,both_opt
6,1,5,4,B,A,A,B,9,7,5,1,A,B,B,A,B,A,A,B,B,A,A,B,A,B,B,A,A,B,B,A,A,B,B,A,other_opt,other_opt,both_opt,both_opt
1,6,3,3,A,B,B,A,7,6,0,-5,B,A,A,B,A,B,B,A,A,B,B,A,B,A,A,B,B,A,A,B,B,A,A,B,other_opt,other_opt,both_opt,both_opt
1,4,7,2,B,A,B,A,9,5,5,-3,B,A,A,B,A,B,B,A,B,A,A,B,B,A,A,B,B,A,A,B,B,A,A,B,ego_opt,ego_opt,both_opt,both_opt
3,3,2,7,B,A,A,B,9,6,0,-5,A,B,B,A,B,A,A,B,B,A,A,B,A,B,B,A,A,B,B,A,A,B,B,A,other_opt,other_opt,both_opt,both_opt
1,2,8,1,B,A,B,A,9,3,7,-1,B,A,A,B,A,B,B,A,B,A,A,B,B,A,A,B,B,A,A,B,B,A,A,B,ego_opt,ego_opt,both_opt,both_opt
2,8,6,6,B,A,B,A,12,10,0,-6,B,A,A,B,A,B,B,A,B,A,A,B,B,A,A,B,B,A,A,B,B,A,A,B,ego_opt,ego_opt,both_opt,both_opt
5,8,8,6,B,A,B,A,14,13,2,-3,B,A,A,B,A,B,B,A,B,A,A,B,B,A,A,B,B,A,A,B,B,A,A,B,ego_opt,ego_opt,both_opt,both_opt
2,8,5,3,A,B,B,A,10,8,2,-6,B,A,A,B,A,B,B,A,A,B,B,A,B,A,A,B,B,A,A,B,B,A,A,B,other_opt,other_opt,both_opt,both_opt
8,2,1,3,A,B,A,B,10,4,6,-2,A,B,B,A,B,A,A,B,A,B,B,A,A,B,B,A,A,B,B,A,A,B,B,A,ego_opt,ego_opt,both_opt,both_opt
4,1,2,6,B,A,A,B,8,5,3,-4,A,B,B,A,B,A,A,B,B,A,A,B,A,B,B,A,A,B,B,A,A,B,B,A,other_opt,other_opt,both_opt,both_opt
1,7,5,2,A,B,B,A,8,7,3,-6,B,A,A,B,A,B,B,A,A,B,B,A,B,A,A,B,B,A,A,B,B,A,A,B,other_opt,other_opt,both_opt,both_opt
8,1,5,8,B,A,A,B,13,9,7,-3,A,B,B,A,B,A,A,B,B,A,A,B,A,B,B,A,A,B,B,A,A,B,B,A,other_opt,other_opt,both_opt,both_opt
3,5,6,4,B,A,B,A,10,8,2,-2,B,A,A,B,A,B,B,A,B,A,A,B,B,A,A,B,B,A,A,B,B,A,A,B,ego_opt,ego_opt,both_opt,both_opt
7,7,8,2,A,B,B,A,14,10,6,0,B,A,A,B,A,B,B,A,A,B,B,A,B,A,A,B,B,A,A,B,B,A,A,B,other_opt,other_opt,both_opt,both_opt
6,4,8,3,B,A,B,A,11,10,5,2,B,A,A,B,A,B,B,A,B,A,A,B,B,A,A,B,B,A,A,B,B,A,A,B,ego_opt,ego_opt,both_opt,both_opt
4,3,3,5,B,A,A,B,8,7,1,-2,A,B,B,A,B,A,A,B,B,A,A,B,A,B,B,A,A,B,B,A,A,B,B,A,other_opt,other_opt,both_opt,both_opt
8,1,4,3,A,B,A,B,9,7,7,1,A,B,B,A,B,A,A,B,A,B,B,A,A,B,B,A,A,B,B,A,A,B,B,A,ego_opt,ego_opt,both_opt,both_opt
1,7,6,3,B,A,B,A,9,8,3,-6,B,A,A,B,A,B,B,A,B,A,A,B,B,A,A,B,B,A,A,B,B,A,A,B,ego_opt,ego_opt,both_opt,both_opt
8,6,2,7,A,B,A,B,14,9,2,-5,A,B,B,A,B,A,A,B,A,B,B,A,A,B,B,A,A,B,B,A,A,B,B,A,ego_opt,ego_opt,both_opt,both_opt
3,7,7,6,B,A,B,A,13,10,1,-4,B,A,A,B,A,B,B,A,B,A,A,B,B,A,A,B,B,A,A,B,B,A,A,B,ego_opt,ego_opt,both_opt,both_opt
1,8,3,2,A,B,B,A,9,5,1,-7,B,A,A,B,A,B,B,A,A,B,B,A,B,A,A,B,B,A,A,B,B,A,A,B,other_opt,other_opt,both_opt,both_opt
4,4,8,2,B,A,B,A,10,8,6,0,B,A,A,B,A,B,B,A,B,A,A,B,B,A,A,B,B,A,A,B,B,A,A,B,ego_opt,ego_opt,both_opt,both_opt
5,1,3,6,B,A,A,B,9,6,4,-3,A,B,B,A,B,A,A,B,B,A,A,B,A,B,B,A,A,B,B,A,A,B,B,A,other_opt,other_opt,both_opt,both_opt
2,5,4,2,A,B,B,A,7,6,2,-3,B,A,A,B,A,B,B,A,A,B,B,A,B,A,A,B,B,A,A,B,B,A,A,B,other_opt,other_opt,both_opt,both_opt
1,4,5,1,B,A,B,A,6,5,4,-3,B,A,A,B,A,B,B,A,B,A,A,B,B,A,A,B,B,A,A,B,B,A,A,B,ego_opt,ego_opt,both_opt,both_opt
7,3,4,7,B,A,A,B,11,10,4,-3,A,B,B,A,B,A,A,B,B,A,A,B,A,B,B,A,A,B,B,A,A,B,B,A,other_opt,other_opt,both_opt,both_opt
6,2,1,6,A,B,A,B,8,7,4,-5,A,B,B,A,B,A,A,B,A,B,B,A,A,B,B,A,A,B,B,A,A,B,B,A,ego_opt,ego_opt,both_opt,both_opt
4,1,1,7,B,A,A,B,8,5,3,-6,A,B,B,A,B,A,A,B,B,A,A,B,A,B,B,A,A,B,B,A,A,B,B,A,other_opt,other_opt,both_opt,both_opt
3,2,5,1,B,A,B,A,6,5,4,1,B,A,A,B,A,B,B,A,B,A,A,B,B,A,A,B,B,A,A,B,B,A,A,B,ego_opt,ego_opt,both_opt,both_opt
5,1,2,5,B,A,A,B,7,6,4,-3,A,B,B,A,B,A,A,B,B,A,A,B,A,B,B,A,A,B,B,A,A,B,B,A,other_opt,other_opt,both_opt,both_opt
7,4,2,6,A,B,A,B,11,8,3,-4,A,B,B,A,B,A,A,B,A,B,B,A,A,B,B,A,A,B,B,A,A,B,B,A,ego_opt,ego_opt,both_opt,both_opt
4,4,1,6,A,B,A,B,8,7,0,-5,A,B,B,A,B,A,A,B,A,B,B,A,A,B,B,A,A,B,B,A,A,B,B,A,ego_opt,ego_opt,both_opt,both_opt
3,8,4,6,A,B,B,A,11,10,-2,-5,B,A,A,B,A,B,B,A,A,B,B,A,B,A,A,B,B,A,A,B,B,A,A,B,other_opt,other_opt,both_opt,both_opt
4,7,8,5,B,A,B,A,13,11,3,-3,B,A,A,B,A,B,B,A,B,A,A,B,B,A,A,B,B,A,A,B,B,A,A,B,ego_opt,ego_opt,both_opt,both_opt
5,4,2,6,A,B,A,B,9,8,1,-4,A,B,B,A,B,A,A,B,A,B,B,A,A,B,B,A,A,B,B,A,A,B,B,A,ego_opt,ego_opt,both_opt,both_opt
8,1,2,8,B,A,A,B,10,9,7,-6,A,B,B,A,B,A,A,B,B,A,A,B,A,B,B,A,A,B,B,A,A,B,B,A,other_opt,other_opt,both_opt,both_opt
1,5,4,3,B,A,B,A,7,6,1,-4,B,A,A,B,A,B,B,A,B,A,A,B,B,A,A,B,B,A,A,B,B,A,A,B,ego_opt,ego_opt,both_opt,both_opt
7,2,3,8,B,A,A,B,11,9,5,-5,A,B,B,A,B,A,A,B,B,A,A,B,A,B,B,A,A,B,B,A,A,B,B,A,other_opt,other_opt,both_opt,both_opt
4,7,2,8,A,B,A,B,11,10,-3,-6,A,B,B,A,B,A,A,B,A,B,B,A,A,B,B,A,A,B,B,A,A,B,B,A,ego_opt,ego_opt,both_opt,both_opt
7,1,3,6,B,A,A,B,9,8,6,-3,A,B,B,A,B,A,A,B,B,A,A,B,A,B,B,A,A,B,B,A,A,B,B,A,other_opt,other_opt,both_opt,both_opt
3,8,4,3,A,B,B,A,11,7,1,-5,B,A,A,B,A,B,B,A,A,B,B,A,B,A,A,B,B,A,A,B,B,A,A,B,other_opt,other_opt,both_opt,both_opt
7,6,6,8,B,A,A,B,14,13,1,-2,A,B,B,A,B,A,A,B,B,A,A,B,A,B,B,A,A,B,B,A,A,B,B,A,other_opt,other_opt,both_opt,both_opt
2,2,1,4,B,A,A,B,5,4,0,-3,A,B,B,A,B,A,A,B,B,A,A,B,A,B,B,A,A,B,B,A,A,B,B,A,other_opt,other_opt,both_opt,both_opt
4,3,8,2,B,A,B,A,10,7,6,1,B,A,A,B,A,B,B,A,B,A,A,B,B,A,A,B,B,A,A,B,B,A,A,B,ego_opt,ego_opt,both_opt,both_opt
4,2,1,7,B,A,A,B,8,6,2,-6,A,B,B,A,B,A,A,B,B,A,A,B,A,B,B,A,A,B,B,A,A,B,B,A,other_opt,other_opt,both_opt,both_opt
5,3,4,6,B,A,A,B,10,8,2,-2,A,B,B,A,B,A,A,B,B,A,A,B,A,B,B,A,A,B,B,A,A,B,B,A,other_opt,other_opt,both_opt,both_opt
3,8,8,5,B,A,B,A,13,11,3,-5,B,A,A,B,A,B,B,A,B,A,A,B,B,A,A,B,B,A,A,B,B,A,A,B,ego_opt,ego_opt,both_opt,both_opt
8,5,4,6,A,B,A,B,13,10,3,-2,A,B,B,A,B,A,A,B,A,B,B,A,A,B,B,A,A,B,B,A,A,B,B,A,ego_opt,ego_opt,both_opt,both_opt
8,3,4,5,A,B,A,B,11,9,5,-1,A,B,B,A,B,A,A,B,A,B,B,A,A,B,B,A,A,B,B,A,A,B,B,A,ego_opt,ego_opt,both_opt,both_opt
3,6,8,3,B,A,B,A,11,9,5,-3,B,A,A,B,A,B,B,A,B,A,A,B,B,A,A,B,B,A,A,B,B,A,A,B,ego_opt,ego_opt,both_opt,both_opt
6,4,2,7,A,B,A,B,10,9,2,-5,A,B,B,A,B,A,A,B,A,B,B,A,A,B,B,A,A,B,B,A,A,B,B,A,ego_opt,ego_opt,both_opt,both_opt
3,1,2,7,B,A,A,B,9,4,2,-5,A,B,B,A,B,A,A,B,B,A,A,B,A,B,B,A,A,B,B,A,A,B,B,A,other_opt,other_opt,both_opt,both_opt
7,2,2,5,A,B,A,B,9,7,5,-3,A,B,B,A,B,A,A,B,A,B,B,A,A,B,B,A,A,B,B,A,A,B,B,A,ego_opt,ego_opt,both_opt,both_opt
4,7,6,1,A,B,B,A,11,7,5,-3,B,A,A,B,A,B,B,A,A,B,B,A,B,A,A,B,B,A,A,B,B,A,A,B,other_opt,other_opt,both_opt,both_opt
8,3,7,5,B,A,A,B,12,11,5,2,A,B,B,A,B,A,A,B,B,A,A,B,A,B,B,A,A,B,B,A,A,B,B,A,other_opt,other_opt,both_opt,both_opt
7,4,4,6,A,B,A,B,11,10,3,-2,A,B,B,A,B,A,A,B,A,B,B,A,A,B,B,A,A,B,B,A,A,B,B,A,ego_opt,ego_opt,both_opt,both_opt
7,4,4,6,A,B,A,B,11,10,3,-2,A,B,B,A,B,A,A,B,A,B,B,A,A,B,B,A,A,B,B,A,A,B,B,A,ego_opt,ego_opt,both_opt,both_opt
2,7,4,6,B,A,B,A,10,9,-2,-5,B,A,A,B,A,B,B,A,B,A,A,B,B,A,A,B,B,A,A,B,B,A,A,B,ego_opt,ego_opt,both_opt,both_opt
8,4,6,5,A,B,A,B,12,11,4,1,A,B,B,A,B,A,A,B,A,B,B,A,A,B,B,A,A,B,B,A,A,B,B,A,ego_opt,ego_opt,both_opt,both_opt
7,4,4,6,A,B,A,B,11,10,3,-2,A,B,B,A,B,A,A,B,A,B,B,A,A,B,B,A,A,B,B,A,A,B,B,A,ego_opt,ego_opt,both_opt,both_opt
1,5,7,2,B,A,B,A,9,6,5,-4,B,A,A,B,A,B,B,A,B,A,A,B,B,A,A,B,B,A,A,B,B,A,A,B,ego_opt,ego_opt,both_opt,both_opt
6,3,1,5,A,B,A,B,9,6,3,-4,A,B,B,A,B,A,A,B,A,B,B,A,A,B,B,A,A,B,B,A,A,B,B,A,ego_opt,ego_opt,both_opt,both_opt
4,3,3,5,B,A,A,B,8,7,1,-2,A,B,B,A,B,A,A,B,B,A,A,B,A,B,B,A,A,B,B,A,A,B,B,A,other_opt,other_opt,both_opt,both_opt
1,4,5,1,B,A,B,A,6,5,4,-3,B,A,A,B,A,B,B,A,B,A,A,B,B,A,A,B,B,A,A,B,B,A,A,B,ego_opt,ego_opt,both_opt,both_opt
3,8,6,2,A,B,B,A,11,8,4,-5,B,A,A,B,A,B,B,A,A,B,B,A,B,A,A,B,B,A,A,B,B,A,A,B,other_opt,other_opt,both_opt,both_opt
3,3,1,6,B,A,A,B,7,6,0,-5,A,B,B,A,B,A,A,B,B,A,A,B,A,B,B,A,A,B,B,A,A,B,B,A,other_opt,other_opt,both_opt,both_opt
8,6,2,8,A,B,A,B,14,10,2,-6,A,B,B,A,B,A,A,B,A,B,B,A,A,B,B,A,A,B,B,A,A,B,B,A,ego_opt,ego_opt,both_opt,both_opt
2,6,5,2,A,B,B,A,8,7,3,-4,B,A,A,B,A,B,B,A,A,B,B,A,B,A,A,B,B,A,A,B,B,A,A,B,other_opt,other_opt,both_opt,both_opt
7,1,3,7,B,A,A,B,10,8,6,-4,A,B,B,A,B,A,A,B,B,A,A,B,A,B,B,A,A,B,B,A,A,B,B,A,other_opt,other_opt,both_opt,both_opt
7,5,3,6,A,B,A,B,12,9,2,-3,A,B,B,A,B,A,A,B,A,B,B,A,A,B,B,A,A,B,B,A,A,B,B,A,ego_opt,ego_opt,both_opt,both_opt
3,5,2,8,B,A,A,B,10,8,-2,-6,A,B,B,A,B,A,A,B,B,A,A,B,A,B,B,A,A,B,B,A,A,B,B,A,other_opt,other_opt,both_opt,both_opt
1,3,8,2,B,A,B,A,10,4,6,-2,B,A,A,B,A,B,B,A,B,A,A,B,B,A,A,B,B,A,A,B,B,A,A,B,ego_opt,ego_opt,both_opt,both_opt
4,4,6,1,A,B,B,A,8,7,5,0,B,A,A,B,A,B,B,A,A,B,B,A,B,A,A,B,B,A,A,B,B,A,A,B,other_opt,other_opt,both_opt,both_opt
4,8,5,3,A,B,B,A,12,8,2,-4,B,A,A,B,A,B,B,A,A,B,B,A,B,A,A,B,B,A,A,B,B,A,A,B,other_opt,other_opt,both_opt,both_opt
7,3,1,5,A,B,A,B,10,6,4,-4,A,B,B,A,B,A,A,B,A,B,B,A,A,B,B,A,A,B,B,A,A,B,B,A,ego_opt,ego_opt,both_opt,both_opt
8,2,7,8,B,A,A,B,15,10,6,-1,A,B,B,A,B,A,A,B,B,A,A,B,A,B,B,A,A,B,B,A,A,B,B,A,other_opt,other_opt,both_opt,both_opt
7,1,6,3,B,A,A,B,9,8,6,3,A,B,B,A,B,A,A,B,B,A,A,B,A,B,B,A,A,B,B,A,A,B,B,A,other_opt,other_opt,both_opt,both_opt
5,7,8,5,B,A,B,A,13,12,3,-2,B,A,A,B,A,B,B,A,B,A,A,B,B,A,A,B,B,A,A,B,B,A,A,B,ego_opt,ego_opt,both_opt,both_opt
8,4,1,5,A,B,A,B,12,6,4,-4,A,B,B,A,B,A,A,B,A,B,B,A,A,B,B,A,A,B,B,A,A,B,B,A,ego_opt,ego_opt,both_opt,both_opt
5,1,2,2,A,B,A,B,6,4,4,0,A,B,B,A,B,A,A,B,A,B,B,A,A,B,B,A,A,B,B,A,A,B,B,A,ego_opt,ego_opt,both_opt,both_opt
1,7,8,6,B,A,B,A,14,8,2,-6,B,A,A,B,A,B,B,A,B,A,A,B,B,A,A,B,B,A,A,B,B,A,A,B,ego_opt,ego_opt,both_opt,both_opt
8,4,3,7,A,B,A,B,12,10,4,-4,A,B,B,A,B,A,A,B,A,B,B,A,A,B,B,A,A,B,B,A,A,B,B,A,ego_opt,ego_opt,both_opt,both_opt
1,8,4,4,A,B,B,A,9,8,0,-7,B,A,A,B,A,B,B,A,A,B,B,A,B,A,A,B,B,A,A,B,B,A,A,B,other_opt,other_opt,both_opt,both_opt
3,7,4,1,A,B,B,A,10,5,3,-4,B,A,A,B,A,B,B,A,A,B,B,A,B,A,A,B,B,A,A,B,B,A,A,B,other_opt,other_opt,both_opt,both_opt
4,7,6,3,A,B,B,A,11,9,3,-3,B,A,A,B,A,B,B,A,A,B,B,A,B,A,A,B,B,A,A,B,B,A,A,B,other_opt,other_opt,both_opt,both_opt
7,1,3,4,A,B,A,B,8,7,6,-1,A,B,B,A,B,A,A,B,A,B,B,A,A,B,B,A,A,B,B,A,A,B,B,A,ego_opt,ego_opt,both_opt,both_opt
2,6,1,8,B,A,A,B,9,8,-4,-7,A,B,B,A,B,A,A,B,B,A,A,B,A,B,B,A,A,B,B,A,A,B,B,A,other_opt,other_opt,both_opt,both_opt
6,8,8,1,A,B,B,A,14,9,7,-2,B,A,A,B,A,B,B,A,A,B,B,A,B,A,A,B,B,A,A,B,B,A,A,B,other_opt,other_opt,both_opt,both_opt
7,2,5,5,B,A,A,B,10,9,5,0,A,B,B,A,B,A,A,B,B,A,A,B,A,B,B,A,A,B,B,A,A,B,B,A,other_opt,other_opt,both_opt,both_opt
5,6,7,5,B,A,B,A,12,11,2,-1,B,A,A,B,A,B,B,A,B,A,A,B,B,A,A,B,B,A,A,B,B,A,A,B,ego_opt,ego_opt,both_opt,both_opt
6,6,3,8,A,B,A,B,12,11,0,-5,A,B,B,A,B,A,A,B,A,B,B,A,A,B,B,A,A,B,B,A,A,B,B,A,ego_opt,ego_opt,both_opt,both_opt
2,8,7,5,B,A,B,A,12,10,2,-6,B,A,A,B,A,B,B,A,B,A,A,B,B,A,A,B,B,A,A,B,B,A,A,B,ego_opt,ego_opt,both_opt,both_opt
5,5,3,6,A,B,A,B,10,9,0,-3,A,B,B,A,B,A,A,B,A,B,B,A,A,B,B,A,A,B,B,A,A,B,B,A,ego_opt,ego_opt,both_opt,both_opt
4,2,2,6,B,A,A,B,8,6,2,-4,A,B,B,A,B,A,A,B,B,A,A,B,A,B,B,A,A,B,B,A,A,B,B,A,other_opt,other_opt,both_opt,both_opt
2,6,7,2,B,A,B,A,9,8,5,-4,B,A,A,B,A,B,B,A,B,A,A,B,B,A,A,B,B,A,A,B,B,A,A,B,ego_opt,ego_opt,both_opt,both_opt
2,8,6,6,B,A,B,A,12,10,0,-6,B,A,A,B,A,B,B,A,B,A,A,B,B,A,A,B,B,A,A,B,B,A,A,B,ego_opt,ego_opt,both_opt,both_opt
6,4,4,8,B,A,A,B,12,10,2,-4,A,B,B,A,B,A,A,B,B,A,A,B,A,B,B,A,A,B,B,A,A,B,B,A,other_opt,other_opt,both_opt,both_opt
1,4,5,3,B,A,B,A,8,5,2,-3,B,A,A,B,A,B,B,A,B,A,A,B,B,A,A,B,B,A,A,B,B,A,A,B,ego_opt,ego_opt,both_opt,both_opt
7,2,2,5,A,B,A,B,9,7,5,-3,A,B,B,A,B,A,A,B,A,B,B,A,A,B,B,A,A,B,B,A,A,B,B,A,ego_opt,ego_opt,both_opt,both_opt
4,5,5,1,A,B,B,A,9,6,4,-1,B,A,A,B,A,B,B,A,A,B,B,A,B,A,A,B,B,A,A,B,B,A,A,B,other_opt,other_opt,both_opt,both_opt
2,5,8,2,B,A,B,A,10,7,6,-3,B,A,A,B,A,B,B,A,B,A,A,B,B,A,A,B,B,A,A,B,B,A,A,B,ego_opt,ego_opt,both_opt,both_opt
3,5,1,6,A,B,A,B,8,7,-2,-5,A,B,B,A,B,A,A,B,A,B,B,A,A,B,B,A,A,B,B,A,A,B,B,A,ego_opt,ego_opt,both_opt,both_opt
7,1,6,7,B,A,A,B,13,8,6,-1,A,B,B,A,B,A,A,B,B,A,A,B,A,B,B,A,A,B,B,A,A,B,B,A,other_opt,other_opt,both_opt,both_opt
1,8,8,6,B,A,B,A,14,9,2,-7,B,A,A,B,A,B,B,A,B,A,A,B,B,A,A,B,B,A,A,B,B,A,A,B,ego_opt,ego_opt,both_opt,both_opt
6,1,4,4,B,A,A,B,8,7,5,0,A,B,B,A,B,A,A,B,B,A,A,B,A,B,B,A,A,B,B,A,A,B,B,A,other_opt,other_opt,both_opt,both_opt
7,1,2,2,A,B,A,B,8,4,6,0,A,B,B,A,B,A,A,B,A,B,B,A,A,B,B,A,A,B,B,A,A,B,B,A,ego_opt,ego_opt,both_opt,both_opt
6,2,1,6,A,B,A,B,8,7,4,-5,A,B,B,A,B,A,A,B,A,B,B,A,A,B,B,A,A,B,B,A,A,B,B,A,ego_opt,ego_opt,both_opt,both_opt
2,7,4,2,A,B,B,A,9,6,2,-5,B,A,A,B,A,B,B,A,A,B,B,A,B,A,A,B,B,A,A,B,B,A,A,B,other_opt,other_opt,both_opt,both_opt
5,1,4,3,B,A,A,B,7,6,4,1,A,B,B,A,B,A,A,B,B,A,A,B,A,B,B,A,A,B,B,A,A,B,B,A,other_opt,other_opt,both_opt,both_opt
8,3,2,6,A,B,A,B,11,8,5,-4,A,B,B,A,B,A,A,B,A,B,B,A,A,B,B,A,A,B,B,A,A,B,B,A,ego_opt,ego_opt,both_opt,both_opt
1,7,7,2,B,A,B,A,9,8,5,-6,B,A,A,B,A,B,B,A,B,A,A,B,B,A,A,B,B,A,A,B,B,A,A,B,ego_opt,ego_opt,both_opt,both_opt
7,3,2,5,A,B,A,B,10,7,4,-3,A,B,B,A,B,A,A,B,A,B,B,A,A,B,B,A,A,B,B,A,A,B,B,A,ego_opt,ego_opt,both_opt,both_opt
5,3,4,5,B,A,A,B,9,8,2,-1,A,B,B,A,B,A,A,B,B,A,A,B,A,B,B,A,A,B,B,A,A,B,B,A,other_opt,other_opt,both_opt,both_opt
8,2,7,8,B,A,A,B,15,10,6,-1,A,B,B,A,B,A,A,B,B,A,A,B,A,B,B,A,A,B,B,A,A,B,B,A,other_opt,other_opt,both_opt,both_opt
4,8,5,4,A,B,B,A,12,9,1,-4,B,A,A,B,A,B,B,A,A,B,B,A,B,A,A,B,B,A,A,B,B,A,A,B,other_opt,other_opt,both_opt,both_opt
5,6,6,2,A,B,B,A,11,8,4,-1,B,A,A,B,A,B,B,A,A,B,B,A,B,A,A,B,B,A,A,B,B,A,A,B,other_opt,other_opt,both_opt,both_opt
1,4,7,2,B,A,B,A,9,5,5,-3,B,A,A,B,A,B,B,A,B,A,A,B,B,A,A,B,B,A,A,B,B,A,A,B,ego_opt,ego_opt,both_opt,both_opt
4,8,8,6,B,A,B,A,14,12,2,-4,B,A,A,B,A,B,B,A,B,A,A,B,B,A,A,B,B,A,A,B,B,A,A,B,ego_opt,ego_opt,both_opt,both_opt
6,4,8,1,A,B,B,A,10,9,7,2,B,A,A,B,A,B,B,A,A,B,B,A,B,A,A,B,B,A,A,B,B,A,A,B,other_opt,other_opt,both_opt,both_opt
4,6,6,5,B,A,B,A,11,10,1,-2,B,A,A,B,A,B,B,A,B,A,A,B,B,A,A,B,B,A,A,B,B,A,A,B,ego_opt,ego_opt,both_opt,both_opt
7,2,5,8,B,A,A,B,13,9,5,-3,A,B,B,A,B,A,A,B,B,A,A,B,A,B,B,A,A,B,B,A,A,B,B,A,other_opt,other_opt,both_opt,both_opt
4,6,6,5,B,A,B,A,11,10,1,-2,B,A,A,B,A,B,B,A,B,A,A,B,B,A,A,B,B,A,A,B,B,A,A,B,ego_opt,ego_opt,both_opt,both_opt
5,4,6,2,A,B,B,A,9,8,4,1,B,A,A,B,A,B,B,A,A,B,B,A,B,A,A,B,B,A,A,B,B,A,A,B,other_opt,other_opt,both_opt,both_opt
1,5,8,4,B,A,B,A,12,6,4,-4,B,A,A,B,A,B,B,A,B,A,A,B,B,A,A,B,B,A,A,B,B,A,A,B,ego_opt,ego_opt,both_opt,both_opt
3,1,1,8,B,A,A,B,9,4,2,-7,A,B,B,A,B,A,A,B,B,A,A,B,A,B,B,A,A,B,B,A,A,B,B,A,other_opt,other_opt,both_opt,both_opt
4,6,6,1,A,B,B,A,10,7,5,-2,B,A,A,B,A,B,B,A,A,B,B,A,B,A,A,B,B,A,A,B,B,A,A,B,other_opt,other_opt,both_opt,both_opt
7,1,6,7,B,A,A,B,13,8,6,-1,A,B,B,A,B,A,A,B,B,A,A,B,A,B,B,A,A,B,B,A,A,B,B,A,other_opt,other_opt,both_opt,both_opt
6,2,3,6,B,A,A,B,9,8,4,-3,A,B,B,A,B,A,A,B,B,A,A,B,A,B,B,A,A,B,B,A,A,B,B,A,other_opt,other_opt,both_opt,both_opt
5,2,3,5,B,A,A,B,8,7,3,-2,A,B,B,A,B,A,A,B,B,A,A,B,A,B,B,A,A,B,B,A,A,B,B,A,other_opt,other_opt,both_opt,both_opt
4,8,7,3,A,B,B,A,12,10,4,-4,B,A,A,B,A,B,B,A,A,B,B,A,B,A,A,B,B,A,A,B,B,A,A,B,other_opt,other_opt,both_opt,both_opt
5,4,2,8,B,A,A,B,10,9,1,-6,A,B,B,A,B,A,A,B,B,A,A,B,A,B,B,A,A,B,B,A,A,B,B,A,other_opt,other_opt,both_opt,both_opt
7,2,5,8,B,A,A,B,13,9,5,-3,A,B,B,A,B,A,A,B,B,A,A,B,A,B,B,A,A,B,B,A,A,B,B,A,other_opt,other_opt,both_opt,both_opt
3,5,6,3,B,A,B,A,9,8,3,-2,B,A,A,B,A,B,B,A,B,A,A,B,B,A,A,B,B,A,A,B,B,A,A,B,ego_opt,ego_opt,both_opt,both_opt
2,8,5,6,B,A,B,A,11,10,-1,-6,B,A,A,B,A,B,B,A,B,A,A,B,B,A,A,B,B,A,A,B,B,A,A,B,ego_opt,ego_opt,both_opt,both_opt
3,8,4,2,A,B,B,A,11,6,2,-5,B,A,A,B,A,B,B,A,A,B,B,A,B,A,A,B,B,A,A,B,B,A,A,B,other_opt,other_opt,both_opt,both_opt
3,2,1,8,B,A,A,B,9,5,1,-7,A,B,B,A,B,A,A,B,B,A,A,B,A,B,B,A,A,B,B,A,A,B,B,A,other_opt,other_opt,both_opt,both_opt
7,4,3,5,A,B,A,B,11,8,3,-2,A,B,B,A,B,A,A,B,A,B,B,A,A,B,B,A,A,B,B,A,A,B,B,A,ego_opt,ego_opt,both_opt,both_opt
3,8,6,7,B,A,B,A,13,11,-1,-5,B,A,A,B,A,B,B,A,B,A,A,B,B,A,A,B,B,A,A,B,B,A,A,B,ego_opt,ego_opt,both_opt,both_opt
8,3,3,5,A,B,A,B,11,8,5,-2,A,B,B,A,B,A,A,B,A,B,B,A,A,B,B,A,A,B,B,A,A,B,B,A,ego_opt,ego_opt,both_opt,both_opt
8,1,5,6,B,A,A,B,11,9,7,-1,A,B,B,A,B,A,A,B,B,A,A,B,A,B,B,A,A,B,B,A,A,B,B,A,other_opt,other_opt,both_opt,both_opt
2,4,5,2,B,A,B,A,7,6,3,-2,B,A,A,B,A,B,B,A,B,A,A,B,B,A,A,B,B,A,A,B,B,A,A,B,ego_opt,ego_opt,both_opt,both_opt
8,6,1,7,A,B,A,B,14,8,2,-6,A,B,B,A,B,A,A,B,A,B,B,A,A,B,B,A,A,B,B,A,A,B,B,A,ego_opt,ego_opt,both_opt,both_opt
5,6,6,1,A,B,B,A,11,7,5,-1,B,A,A,B,A,B,B,A,A,B,B,A,B,A,A,B,B,A,A,B,B,A,A,B,other_opt,other_opt,both_opt,both_opt
5,3,1,6,A,B,A,B,8,7,2,-5,A,B,B,A,B,A,A,B,A,B,B,A,A,B,B,A,A,B,B,A,A,B,B,A,ego_opt,ego_opt,both_opt,both_opt
3,7,6,5,B,A,B,A,11,10,1,-4,B,A,A,B,A,B,B,A,B,A,A,B,B,A,A,B,B,A,A,B,B,A,A,B,ego_opt,ego_opt,both_opt,both_opt
6,4,3,8,B,A,A,B,11,10,2,-5,A,B,B,A,B,A,A,B,B,A,A,B,A,B,B,A,A,B,B,A,A,B,B,A,other_opt,other_opt,both_opt,both_opt
2,7,7,3,B,A,B,A,10,9,4,-5,B,A,A,B,A,B,B,A,B,A,A,B,B,A,A,B,B,A,A,B,B,A,A,B,ego_opt,ego_opt,both_opt,both_opt
8,3,6,6,B,A,A,B,12,11,5,0,A,B,B,A,B,A,A,B,B,A,A,B,A,B,B,A,A,B,B,A,A,B,B,A,other_opt,other_opt,both_opt,both_opt
6,1,1,4,A,B,A,B,7,5,5,-3,A,B,B,A,B,A,A,B,A,B,B,A,A,B,B,A,A,B,B,A,A,B,B,A,ego_opt,ego_opt,both_opt,both_opt
7,6,3,8,A,B,A,B,13,11,1,-5,A,B,B,A,B,A,A,B,A,B,B,A,A,B,B,A,A,B,B,A,A,B,B,A,ego_opt,ego_opt,both_opt,both_opt
5,1,1,6,B,A,A,B,7,6,4,-5,A,B,B,A,B,A,A,B,B,A,A,B,A,B,B,A,A,B,B,A,A,B,B,A,other_opt,other_opt,both_opt,both_opt
1,5,8,1,B,A,B,A,9,6,7,-4,B,A,A,B,A,B,B,A,B,A,A,B,B,A,A,B,B,A,A,B,B,A,A,B,ego_opt,ego_opt,both_opt,both_opt
4,7,5,2,A,B,B,A,11,7,3,-3,B,A,A,B,A,B,B,A,A,B,B,A,B,A,A,B,B,A,A,B,B,A,A,B,other_opt,other_opt,both_opt,both_opt
6,1,5,7,B,A,A,B,12,7,5,-2,A,B,B,A,B,A,A,B,B,A,A,B,A,B,B,A,A,B,B,A,A,B,B,A,other_opt,other_opt,both_opt,both_opt
4,6,6,5,B,A,B,A,11,10,1,-2,B,A,A,B,A,B,B,A,B,A,A,B,B,A,A,B,B,A,A,B,B,A,A,B,ego_opt,ego_opt,both_opt,both_opt
4,3,1,4,A,B,A,B,7,5,1,-3,A,B,B,A,B,A,A,B,A,B,B,A,A,B,B,A,A,B,B,A,A,B,B,A,ego_opt,ego_opt,both_opt,both_opt
1,3,6,2,B,A,B,A,8,4,4,-2,B,A,A,B,A,B,B,A,B,A,A,B,B,A,A,B,B,A,A,B,B,A,A,B,ego_opt,ego_opt,both_opt,both_opt
5,8,6,3,A,B,B,A,13,9,3,-3,B,A,A,B,A,B,B,A,A,B,B,A,B,A,A,B,B,A,A,B,B,A,A,B,other_opt,other_opt,both_opt,both_opt
7,5,5,6,A,B,A,B,12,11,2,-1,A,B,B,A,B,A,A,B,A,B,B,A,A,B,B,A,A,B,B,A,A,B,B,A,ego_opt,ego_opt,both_opt,both_opt
5,1,2,6,B,A,A,B,8,6,4,-4,A,B,B,A,B,A,A,B,B,A,A,B,A,B,B,A,A,B,B,A,A,B,B,A,other_opt,other_opt,both_opt,both_opt
6,4,5,8,B,A,A,B,13,10,2,-3,A,B,B,A,B,A,A,B,B,A,A,B,A,B,B,A,A,B,B,A,A,B,B,A,other_opt,other_opt,both_opt,both_opt
8,2,3,3,A,B,A,B,10,6,6,0,A,B,B,A,B,A,A,B,A,B,B,A,A,B,B,A,A,B,B,A,A,B,B,A,ego_opt,ego_opt,both_opt,both_opt
8,1,7,5,B,A,A,B,12,9,7,2,A,B,B,A,B,A,A,B,B,A,A,B,A,B,B,A,A,B,B,A,A,B,B,A,other_opt,other_opt,both_opt,both_opt
3,3,2,6,B,A,A,B,8,6,0,-4,A,B,B,A,B,A,A,B,B,A,A,B,A,B,B,A,A,B,B,A,A,B,B,A,other_opt,other_opt,both_opt,both_opt
6,7,7,2,A,B,B,A,13,9,5,-1,B,A,A,B,A,B,B,A,A,B,B,A,B,A,A,B,B,A,A,B,B,A,A,B,other_opt,other_opt,both_opt,both_opt
4,2,3,4,B,A,A,B,7,6,2,-1,A,B,B,A,B,A,A,B,B,A,A,B,A,B,B,A,A,B,B,A,A,B,B,A,other_opt,other_opt,both_opt,both_opt
7,3,1,5,A,B,A,B,10,6,4,-4,A,B,B,A,B,A,A,B,A,B,B,A,A,B,B,A,A,B,B,A,A,B,B,A,ego_opt,ego_opt,both_opt,both_opt
5,6,2,8,A,B,A,B,11,10,-1,-6,A,B,B,A,B,A,A,B,A,B,B,A,A,B,B,A,A,B,B,A,A,B,B,A,ego_opt,ego_opt,both_opt,both_opt
5,2,3,5,B,A,A,B,8,7,3,-2,A,B,B,A,B,A,A,B,B,A,A,B,A,B,B,A,A,B,B,A,A,B,B,A,other_opt,other_opt,both_opt,both_opt
6,2,1,5,A,B,A,B,8,6,4,-4,A,B,B,A,B,A,A,B,A,B,B,A,A,B,B,A,A,B,B,A,A,B,B,A,ego_opt,ego_opt,both_opt,both_opt
4,7,7,5,B,A,B,A,12,11,2,-3,B,A,A,B,A,B,B,A,B,A,A,B,B,A,A,B,B,A,A,B,B,A,A,B,ego_opt,ego_opt,both_opt,both_opt
5,7,8,1,A,B,B,A,12,9,7,-2,B,A,A,B,A,B,B,A,A,B,B,A,B,A,A,B,B,A,A,B,B,A,A,B,other_opt,other_opt,both_opt,both_opt
6,8,8,2,A,B,B,A,14,10,6,-2,B,A,A,B,A,B,B,A,A,B,B,A,B,A,A,B,B,A,A,B,B,A,A,B,other_opt,other_opt,both_opt,both_opt
3,8,6,7,B,A,B,A,13,11,-1,-5,B,A,A,B,A,B,B,A,B,A,A,B,B,A,A,B,B,A,A,B,B,A,A,B,ego_opt,ego_opt,both_opt,both_opt
5,1,3,7,B,A,A,B,10,6,4,-4,A,B,B,A,B,A,A,B,B,A,A,B,A,B,B,A,A,B,B,A,A,B,B,A,other_opt,other_opt,both_opt,both_opt
1,6,5,3,B,A,B,A,8,7,2,-5,B,A,A,B,A,B,B,A,B,A,A,B,B,A,A,B,B,A,A,B,B,A,A,B,ego_opt,ego_opt,both_opt,both_opt
6,8,8,4,A,B,B,A,14,12,4,-2,B,A,A,B,A,B,B,A,A,B,B,A,B,A,A,B,B,A,A,B,B,A,A,B,other_opt,other_opt,both_opt,both_opt
2,1,1,4,B,A,A,B,5,3,1,-3,A,B,B,A,B,A,A,B,B,A,A,B,A,B,B,A,A,B,B,A,A,B,B,A,other_opt,other_opt,both_opt,both_opt
3,3,8,1,B,A,B,A,9,6,7,0,B,A,A,B,A,B,B,A,B,A,A,B,B,A,A,B,B,A,A,B,B,A,A,B,ego_opt,ego_opt,both_opt,both_opt
8,2,3,5,A,B,A,B,10,8,6,-2,A,B,B,A,B,A,A,B,A,B,B,A,A,B,B,A,A,B,B,A,A,B,B,A,ego_opt,ego_opt,both_opt,both_opt
3,7,6,6,B,A,B,A,12,10,0,-4,B,A,A,B,A,B,B,A,B,A,A,B,B,A,A,B,B,A,A,B,B,A,A,B,ego_opt,ego_opt,both_opt,both_opt
8,2,2,5,A,B,A,B,10,7,6,-3,A,B,B,A,B,A,A,B,A,B,B,A,A,B,B,A,A,B,B,A,A,B,B,A,ego_opt,ego_opt,both_opt,both_opt
1,7,2,2,A,B,B,A,8,4,0,-6,B,A,A,B,A,B,B,A,A,B,B,A,B,A,A,B,B,A,A,B,B,A,A,B,other_opt,other_opt,both_opt,both_opt
2,7,4,6,B,A,B,A,10,9,-2,-5,B,A,A,B,A,B,B,A,B,A,A,B,B,A,A,B,B,A,A,B,B,A,A,B,ego_opt,ego_opt,both_opt,both_opt
3,7,5,2,A,B,B,A,10,7,3,-4,B,A,A,B,A,B,B,A,A,B,B,A,B,A,A,B,B,A,A,B,B,A,A,B,other_opt,other_opt,both_opt,both_opt
7,7,8,2,A,B,B,A,14,10,6,0,B,A,A,B,A,B,B,A,A,B,B,A,B,A,A,B,B,A,A,B,B,A,A,B,other_opt,other_opt,both_opt,both_opt
1,7,7,6,B,A,B,A,13,8,1,-6,B,A,A,B,A,B,B,A,B,A,A,B,B,A,A,B,B,A,A,B,B,A,A,B,ego_opt,ego_opt,both_opt,both_opt
6,7,1,8,A,B,A,B,13,9,-1,-7,A,B,B,A,B,A,A,B,A,B,B,A,A,B,B,A,A,B,B,A,A,B,B,A,ego_opt,ego_opt,both_opt,both_opt
8,1,4,2,A,B,A,B,9,6,7,2,A,B,B,A,B,A,A,B,A,B,B,A,A,B,B,A,A,B,B,A,A,B,B,A,ego_opt,ego_opt,both_opt,both_opt
6,5,7,2,A,B,B,A,11,9,5,1,B,A,A,B,A,B,B,A,A,B,B,A,B,A,A,B,B,A,A,B,B,A,A,B,other_opt,other_opt,both_opt,both_opt
3,4,8,2,B,A,B,A,10,7,6,-1,B,A,A,B,A,B,B,A,B,A,A,B,B,A,A,B,B,A,A,B,B,A,A,B,ego_opt,ego_opt,both_opt,both_opt
2,3,4,2,B,A,B,A,6,5,2,-1,B,A,A,B,A,B,B,A,B,A,A,B,B,A,A,B,B,A,A,B,B,A,A,B,ego_opt,ego_opt,both_opt,both_opt
2,3,6,2,B,A,B,A,8,5,4,-1,B,A,A,B,A,B,B,A,B,A,A,B,B,A,A,B,B,A,A,B,B,A,A,B,ego_opt,ego_opt,both_opt,both_opt
6,5,8,4,B,A,B,A,12,11,4,1,B,A,A,B,A,B,B,A,B,A,A,B,B,A,A,B,B,A,A,B,B,A,A,B,ego_opt,ego_opt,both_opt,both_opt
1,8,7,4,B,A,B,A,11,9,3,-7,B,A,A,B,A,B,B,A,B,A,A,B,B,A,A,B,B,A,A,B,B,A,A,B,ego_opt,ego_opt,both_opt,both_opt
5,8,8,7,B,A,B,A,15,13,1,-3,B,A,A,B,A,B,B,A,B,A,A,B,B,A,A,B,B,A,A,B,B,A,A,B,ego_opt,ego_opt,both_opt,both_opt
7,1,3,6,B,A,A,B,9,8,6,-3,A,B,B,A,B,A,A,B,B,A,A,B,A,B,B,A,A,B,B,A,A,B,B,A,other_opt,other_opt,both_opt,both_opt
2,8,3,3,A,B,B,A,10,6,0,-6,B,A,A,B,A,B,B,A,A,B,B,A,B,A,A,B,B,A,A,B,B,A,A,B,other_opt,other_opt,both_opt,both_opt
6,1,1,5,A,B,A,B,7,6,5,-4,A,B,B,A,B,A,A,B,A,B,B,A,A,B,B,A,A,B,B,A,A,B,B,A,ego_opt,ego_opt,both_opt,both_opt
4,4,1,8,B,A,A,B,9,8,0,-7,A,B,B,A,B,A,A,B,B,A,A,B,A,B,B,A,A,B,B,A,A,B,B,A,other_opt,other_opt,both_opt,both_opt
2,7,3,2,A,B,B,A,9,5,1,-5,B,A,A,B,A,B,B,A,A,B,B,A,B,A,A,B,B,A,A,B,B,A,A,B,other_opt,other_opt,both_opt,both_opt
2,4,8,2,B,A,B,A,10,6,6,-2,B,A,A,B,A,B,B,A,B,A,A,B,B,A,A,B,B,A,A,B,B,A,A,B,ego_opt,ego_opt,both_opt,both_opt
5,6,7,2,A,B,B,A,11,9,5,-1,B,A,A,B,A,B,B,A,A,B,B,A,B,A,A,B,B,A,A,B,B,A,A,B,other_opt,other_opt,both_opt,both_opt
3,4,5,3,B,A,B,A,8,7,2,-1,B,A,A,B,A,B,B,A,B,A,A,B,B,A,A,B,B,A,A,B,B,A,A,B,ego_opt,ego_opt,both_opt,both_opt
8,2,3,5,A,B,A,B,10,8,6,-2,A,B,B,A,B,A,A,B,A,B,B,A,A,B,B,A,A,B,B,A,A,B,B,A,ego_opt,ego_opt,both_opt,both_opt
2,8,4,5,A,B,B,A,10,9,-1,-6,B,A,A,B,A,B,B,A,A,B,B,A,B,A,A,B,B,A,A,B,B,A,A,B,other_opt,other_opt,both_opt,both_opt
3,7,8,1,A,B,B,A,10,9,7,-4,B,A,A,B,A,B,B,A,A,B,B,A,B,A,A,B,B,A,A,B,B,A,A,B,other_opt,other_opt,both_opt,both_opt
5,5,1,7,A,B,A,B,10,8,0,-6,A,B,B,A,B,A,A,B,A,B,B,A,A,B,B,A,A,B,B,A,A,B,B,A,ego_opt,ego_opt,both_opt,both_opt
5,3,3,4,A,B,A,B,8,7,2,-1,A,B,B,A,B,A,A,B,A,B,B,A,A,B,B,A,A,B,B,A,A,B,B,A,ego_opt,ego_opt,both_opt,both_opt
6,2,2,7,B,A,A,B,9,8,4,-5,A,B,B,A,B,A,A,B,B,A,A,B,A,B,B,A,A,B,B,A,A,B,B,A,other_opt,other_opt,both_opt,both_opt
7,2,4,4,A,B,A,B,9,8,5,0,A,B,B,A,B,A,A,B,A,B,B,A,A,B,B,A,A,B,B,A,A,B,B,A,ego_opt,ego_opt,both_opt,both_opt
3,7,7,6,B,A,B,A,13,10,1,-4,B,A,A,B,A,B,B,A,B,A,A,B,B,A,A,B,B,A,A,B,B,A,A,B,ego_opt,ego_opt,both_opt,both_opt
1,4,4,2,B,A,B,A,6,5,2,-3,B,A,A,B,A,B,B,A,B,A,A,B,B,A,A,B,B,A,A,B,B,A,A,B,ego_opt,ego_opt,both_opt,both_opt
8,2,2,7,A,B,A,B,10,9,6,-5,A,B,B,A,B,A,A,B,A,B,B,A,A,B,B,A,A,B,B,A,A,B,B,A,ego_opt,ego_opt,both_opt,both_opt
3,8,8,1,A,B,B,A,11,9,7,-5,B,A,A,B,A,B,B,A,A,B,B,A,B,A,A,B,B,A,A,B,B,A,A,B,other_opt,other_opt,both_opt,both_opt
2,7,7,3,B,A,B,A,10,9,4,-5,B,A,A,B,A,B,B,A,B,A,A,B,B,A,A,B,B,A,A,B,B,A,A,B,ego_opt,ego_opt,both_opt,both_opt
2,7,4,2,A,B,B,A,9,6,2,-5,B,A,A,B,A,B,B,A,A,B,B,A,B,A,A,B,B,A,A,B,B,A,A,B,other_opt,other_opt,both_opt,both_opt
1,8,7,7,B,A,B,A,14,9,0,-7,B,A,A,B,A,B,B,A,B,A,A,B,B,A,A,B,B,A,A,B,B,A,A,B,ego_opt,ego_opt,both_opt,both_opt
6,5,5,8,B,A,A,B,13,11,1,-3,A,B,B,A,B,A,A,B,B,A,A,B,A,B,B,A,A,B,B,A,A,B,B,A,other_opt,other_opt,both_opt,both_opt
6,7,7,2,A,B,B,A,13,9,5,-1,B,A,A,B,A,B,B,A,A,B,B,A,B,A,A,B,B,A,A,B,B,A,A,B,other_opt,other_opt,both_opt,both_opt
4,8,8,1,A,B,B,A,12,9,7,-4,B,A,A,B,A,B,B,A,A,B,B,A,B,A,A,B,B,A,A,B,B,A,A,B,other_opt,other_opt,both_opt,both_opt
6,4,1,5,A,B,A,B,10,6,2,-4,A,B,B,A,B,A,A,B,A,B,B,A,A,B,B,A,A,B,B,A,A,B,B,A,ego_opt,ego_opt,both_opt,both_opt
8,1,6,2,A,B,A,B,9,8,7,4,A,B,B,A,B,A,A,B,A,B,B,A,A,B,B,A,A,B,B,A,A,B,B,A,ego_opt,ego_opt,both_opt,both_opt
2,7,4,6,B,A,B,A,10,9,-2,-5,B,A,A,B,A,B,B,A,B,A,A,B,B,A,A,B,B,A,A,B,B,A,A,B,ego_opt,ego_opt,both_opt,both_opt
5,3,8,2,B,A,B,A,10,8,6,2,B,A,A,B,A,B,B,A,B,A,A,B,B,A,A,B,B,A,A,B,B,A,A,B,ego_opt,ego_opt,both_opt,both_opt
3,7,8,3,B,A,B,A,11,10,5,-4,B,A,A,B,A,B,B,A,B,A,A,B,B,A,A,B,B,A,A,B,B,A,A,B,ego_opt,ego_opt,both_opt,both_opt
3,6,8,4,B,A,B,A,12,9,4,-3,B,A,A,B,A,B,B,A,B,A,A,B,B,A,A,B,B,A,A,B,B,A,A,B,ego_opt,ego_opt,both_opt,both_opt
6,3,2,8,B,A,A,B,10,9,3,-6,A,B,B,A,B,A,A,B,B,A,A,B,A,B,B,A,A,B,B,A,A,B,B,A,other_opt,other_opt,both_opt,both_opt
6,8,8,1,A,B,B,A,14,9,7,-2,B,A,A,B,A,B,B,A,A,B,B,A,B,A,A,B,B,A,A,B,B,A,A,B,other_opt,other_opt,both_opt,both_opt
4,6,8,5,B,A,B,A,13,10,3,-2,B,A,A,B,A,B,B,A,B,A,A,B,B,A,A,B,B,A,A,B,B,A,A,B,ego_opt,ego_opt,both_opt,both_opt
1,7,7,3,B,A,B,A,10,8,4,-6,B,A,A,B,A,B,B,A,B,A,A,B,B,A,A,B,B,A,A,B,B,A,A,B,ego_opt,ego_opt,both_opt,both_opt
8,5,4,8,A,B,A,B,13,12,3,-4,A,B,B,A,B,A,A,B,A,B,B,A,A,B,B,A,A,B,B,A,A,B,B,A,ego_opt,ego_opt,both_opt,both_opt
5,1,4,3,B,A,A,B,7,6,4,1,A,B,B,A,B,A,A,B,B,A,A,B,A,B,B,A,A,B,B,A,A,B,B,A,other_opt,other_opt,both_opt,both_opt
2,8,5,6,B,A,B,A,11,10,-1,-6,B,A,A,B,A,B,B,A,B,A,A,B,B,A,A,B,B,A,A,B,B,A,A,B,ego_opt,ego_opt,both_opt,both_opt
5,2,1,3,A,B,A,B,7,4,3,-2,A,B,B,A,B,A,A,B,A,B,B,A,A,B,B,A,A,B,B,A,A,B,B,A,ego_opt,ego_opt,both_opt,both_opt
8,4,6,8,B,A,A,B,14,12,4,-2,A,B,B,A,B,A,A,B,B,A,A,B,A,B,B,A,A,B,B,A,A,B,B,A,other_opt,other_opt,both_opt,both_opt
1,7,7,3,B,A,B,A,10,8,4,-6,B,A,A,B,A,B,B,A,B,A,A,B,B,A,A,B,B,A,A,B,B,A,A,B,ego_opt,ego_opt,both_opt,both_opt
2,8,6,3,A,B,B,A,10,9,3,-6,B,A,A,B,A,B,B,A,A,B,B,A,B,A,A,B,B,A,A,B,B,A,A,B,other_opt,other_opt,both_opt,both_opt
5,4,7,1,A,B,B,A,9,8,6,1,B,A,A,B,A,B,B,A,A,B,B,A,B,A,A,B,B,A,A,B,B,A,A,B,other_opt,other_opt,both_opt,both_opt
4,3,3,6,B,A,A,B,9,7,1,-3,A,B,B,A,B,A,A,B,B,A,A,B,A,B,B,A,A,B,B,A,A,B,B,A,other_opt,other_opt,both_opt,both_opt
7,3,8,1,A,B,B,A,10,9,7,4,B,A,A,B,A,B,B,A,A,B,B,A,B,A,A,B,B,A,A,B,B,A,A,B,other_opt,other_opt,both_opt,both_opt
1,8,2,3,A,B,B,A,9,5,-1,-7,B,A,A,B,A,B,B,A,A,B,B,A,B,A,A,B,B,A,A,B,B,A,A,B,other_opt,other_opt,both_opt,both_opt
6,2,4,6,B,A,A,B,10,8,4,-2,A,B,B,A,B,A,A,B,B,A,A,B,A,B,B,A,A,B,B,A,A,B,B,A,other_opt,other_opt,both_opt,both_opt
2,8,8,1,A,B,B,A,10,9,7,-6,B,A,A,B,A,B,B,A,A,B,B,A,B,A,A,B,B,A,A,B,B,A,A,B,other_opt,other_opt,both_opt,both_opt
5,2,1,8,B,A,A,B,9,7,3,-7,A,B,B,A,B,A,A,B,B,A,A,B,A,B,B,A,A,B,B,A,A,B,B,A,other_opt,other_opt,both_opt,both_opt
7,5,6,8,B,A,A,B,14,12,2,-2,A,B,B,A,B,A,A,B,B,A,A,B,A,B,B,A,A,B,B,A,A,B,B,A,other_opt,other_opt,both_opt,both_opt
4,5,3,7,B,A,A,B,10,9,-1,-4,A,B,B,A,B,A,A,B,B,A,A,B,A,B,B,A,A,B,B,A,A,B,B,A,other_opt,other_opt,both_opt,both_opt
8,5,1,8,A,B,A,B,13,9,3,-7,A,B,B,A,B,A,A,B,A,B,B,A,A,B,B,A,A,B,B,A,A,B,B,A,ego_opt,ego_opt,both_opt,both_opt
1,2,8,1,B,A,B,A,9,3,7,-1,B,A,A,B,A,B,B,A,B,A,A,B,B,A,A,B,B,A,A,B,B,A,A,B,ego_opt,ego_opt,both_opt,both_opt
2,8,3,5,A,B,B,A,10,8,-2,-6,B,A,A,B,A,B,B,A,A,B,B,A,B,A,A,B,B,A,A,B,B,A,A,B,other_opt,other_opt,both_opt,both_opt
5,3,1,5,A,B,A,B,8,6,2,-4,A,B,B,A,B,A,A,B,A,B,B,A,A,B,B,A,A,B,B,A,A,B,B,A,ego_opt,ego_opt,both_opt,both_opt
5,6,1,8,A,B,A,B,11,9,-1,-7,A,B,B,A,B,A,A,B,A,B,B,A,A,B,B,A,A,B,B,A,A,B,B,A,ego_opt,ego_opt,both_opt,both_opt
7,4,1,5,A,B,A,B,11,6,3,-4,A,B,B,A,B,A,A,B,A,B,B,A,A,B,B,A,A,B,B,A,A,B,B,A,ego_opt,ego_opt,both_opt,both_opt
4,6,8,4,B,A,B,A,12,10,4,-2,B,A,A,B,A,B,B,A,B,A,A,B,B,A,A,B,B,A,A,B,B,A,A,B,ego_opt,ego_opt,both_opt,both_opt
7,7,1,8,A,B,A,B,14,9,0,-7,A,B,B,A,B,A,A,B,A,B,B,A,A,B,B,A,A,B,B,A,A,B,B,A,ego_opt,ego_opt,both_opt,both_opt
4,1,3,7,B,A,A,B,10,5,3,-4,A,B,B,A,B,A,A,B,B,A,A,B,A,B,B,A,A,B,B,A,A,B,B,A,other_opt,other_opt,both_opt,both_opt
4,7,7,3,A,B,B,A,11,10,4,-3,B,A,A,B,A,B,B,A,A,B,B,A,B,A,A,B,B,A,A,B,B,A,A,B,other_opt,other_opt,both_opt,both_opt
1,5,2,3,A,B,B,A,6,5,-1,-4,B,A,A,B,A,B,B,A,A,B,B,A,B,A,A,B,B,A,A,B,B,A,A,B,other_opt,other_opt,both_opt,both_opt
6,1,2,8,B,A,A,B,10,7,5,-6,A,B,B,A,B,A,A,B,B,A,A,B,A,B,B,A,A,B,B,A,A,B,B,A,other_opt,other_opt,both_opt,both_opt
7,1,1,3,A,B,A,B,8,4,6,-2,A,B,B,A,B,A,A,B,A,B,B,A,A,B,B,A,A,B,B,A,A,B,B,A,ego_opt,ego_opt,both_opt,both_opt
1,6,5,1,A,B,B,A,7,6,4,-5,B,A,A,B,A,B,B,A,A,B,B,A,B,A,A,B,B,A,A,B,B,A,A,B,other_opt,other_opt,both_opt,both_opt
6,1,3,7,B,A,A,B,10,7,5,-4,A,B,B,A,B,A,A,B,B,A,A,B,A,B,B,A,A,B,B,A,A,B,B,A,other_opt,other_opt,both_opt,both_opt
2,8,5,3,A,B,B,A,10,8,2,-6,B,A,A,B,A,B,B,A,A,B,B,A,B,A,A,B,B,A,A,B,B,A,A,B,other_opt,other_opt,both_opt,both_opt
3,2,1,7,B,A,A,B,8,5,1,-6,A,B,B,A,B,A,A,B,B,A,A,B,A,B,B,A,A,B,B,A,A,B,B,A,other_opt,other_opt,both_opt,both_opt
4,7,5,5,A,B,B,A,11,10,0,-3,B,A,A,B,A,B,B,A,A,B,B,A,B,A,A,B,B,A,A,B,B,A,A,B,other_opt,other_opt,both_opt,both_opt
4,5,6,4,B,A,B,A,10,9,2,-1,B,A,A,B,A,B,B,A,B,A,A,B,B,A,A,B,B,A,A,B,B,A,A,B,ego_opt,ego_opt,both_opt,both_opt
2,8,5,1,A,B,B,A,10,6,4,-6,B,A,A,B,A,B,B,A,A,B,B,A,B,A,A,B,B,A,A,B,B,A,A,B,other_opt,other_opt,both_opt,both_opt
1,7,4,2,A,B,B,A,8,6,2,-6,B,A,A,B,A,B,B,A,A,B,B,A,B,A,A,B,B,A,A,B,B,A,A,B,other_opt,other_opt,both_opt,both_opt
6,3,8,2,B,A,B,A,10,9,6,3,B,A,A,B,A,B,B,A,B,A,A,B,B,A,A,B,B,A,A,B,B,A,A,B,ego_opt,ego_opt,both_opt,both_opt
6,1,5,8,B,A,A,B,13,7,5,-3,A,B,B,A,B,A,A,B,B,A,A,B,A,B,B,A,A,B,B,A,A,B,B,A,other_opt,other_opt,both_opt,both_opt
2,6,6,1,A,B,B,A,8,7,5,-4,B,A,A,B,A,B,B,A,A,B,B,A,B,A,A,B,B,A,A,B,B,A,A,B,other_opt,other_opt,both_opt,both_opt
3,6,7,1,A,B,B,A,9,8,6,-3,B,A,A,B,A,B,B,A,A,B,B,A,B,A,A,B,B,A,A,B,B,A,A,B,other_opt,other_opt,both_opt,both_opt
2,2,5,1,B,A,B,A,6,4,4,0,B,A,A,B,A,B,B,A,B,A,A,B,B,A,A,B,B,A,A,B,B,A,A,B,ego_opt,ego_opt,both_opt,both_opt
7,5,6,7,B,A,A,B,13,12,2,-1,A,B,B,A,B,A,A,B,B,A,A,B,A,B,B,A,A,B,B,A,A,B,B,A,other_opt,other_opt,both_opt,both_opt
8,3,6,7,B,A,A,B,13,11,5,-1,A,B,B,A,B,A,A,B,B,A,A,B,A,B,B,A,A,B,B,A,A,B,B,A,other_opt,other_opt,both_opt,both_opt
6,1,2,3,A,B,A,B,7,5,5,-1,A,B,B,A,B,A,A,B,A,B,B,A,A,B,B,A,A,B,B,A,A,B,B,A,ego_opt,ego_opt,both_opt,both_opt
5,5,7,2,A,B,B,A,10,9,5,0,B,A,A,B,A,B,B,A,A,B,B,A,B,A,A,B,B,A,A,B,B,A,A,B,other_opt,other_opt,both_opt,both_opt
1,2,4,1,B,A,B,A,5,3,3,-1,B,A,A,B,A,B,B,A,B,A,A,B,B,A,A,B,B,A,A,B,B,A,A,B,ego_opt,ego_opt,both_opt,both_opt
1,7,8,5,B,A,B,A,13,8,3,-6,B,A,A,B,A,B,B,A,B,A,A,B,B,A,A,B,B,A,A,B,B,A,A,B,ego_opt,ego_opt,both_opt,both_opt
3,7,7,5,B,A,B,A,12,10,2,-4,B,A,A,B,A,B,B,A,B,A,A,B,B,A,A,B,B,A,A,B,B,A,A,B,ego_opt,ego_opt,both_opt,both_opt
8,4,7,8,B,A,A,B,15,12,4,-1,A,B,B,A,B,A,A,B,B,A,A,B,A,B,B,A,A,B,B,A,A,B,B,A,other_opt,other_opt,both_opt,both_opt
2,5,1,7,B,A,A,B,8,7,-3,-6,A,B,B,A,B,A,A,B,B,A,A,B,A,B,B,A,A,B,B,A,A,B,B,A,other_opt,other_opt,both_opt,both_opt
6,2,2,8,B,A,A,B,10,8,4,-6,A,B,B,A,B,A,A,B,B,A,A,B,A,B,B,A,A,B,B,A,A,B,B,A,other_opt,other_opt,both_opt,both_opt
5,5,2,7,A,B,A,B,10,9,0,-5,A,B,B,A,B,A,A,B,A,B,B,A,A,B,B,A,A,B,B,A,A,B,B,A,ego_opt,ego_opt,both_opt,both_opt
7,1,1,4,A,B,A,B,8,5,6,-3,A,B,B,A,B,A,A,B,A,B,B,A,A,B,B,A,A,B,B,A,A,B,B,A,ego_opt,ego_opt,both_opt,both_opt
1,8,3,2,A,B,B,A,9,5,1,-7,B,A,A,B,A,B,B,A,A,B,B,A,B,A,A,B,B,A,A,B,B,A,A,B,other_opt,other_opt,both_opt,both_opt
3,8,8,5,B,A,B,A,13,11,3,-5,B,A,A,B,A,B,B,A,B,A,A,B,B,A,A,B,B,A,A,B,B,A,A,B,ego_opt,ego_opt,both_opt,both_opt
3,6,5,5,B,A,B,A,10,9,0,-3,B,A,A,B,A,B,B,A,B,A,A,B,B,A,A,B,B,A,A,B,B,A,A,B,ego_opt,ego_opt,both_opt,both_opt
4,7,7,3,A,B,B,A,11,10,4,-3,B,A,A,B,A,B,B,A,A,B,B,A,B,A,A,B,B,A,A,B,B,A,A,B,other_opt,other_opt,both_opt,both_opt
4,4,5,2,A,B,B,A,8,7,3,0,B,A,A,B,A,B,B,A,A,B,B,A,B,A,A,B,B,A,A,B,B,A,A,B,other_opt,other_opt,both_opt,both_opt
2,8,4,1,A,B,B,A,10,5,3,-6,B,A,A,B,A,B,B,A,A,B,B,A,B,A,A,B,B,A,A,B,B,A,A,B,other_opt,other_opt,both_opt,both_opt
6,4,2,5,A,B,A,B,10,7,2,-3,A,B,B,A,B,A,A,B,A,B,B,A,A,B,B,A,A,B,B,A,A,B,B,A,ego_opt,ego_opt,both_opt,both_opt
3,1,1,2,A,B,A,B,4,3,2,-1,A,B,B,A,B,A,A,B,A,B,B,A,A,B,B,A,A,B,B,A,A,B,B,A,ego_opt,ego_opt,both_opt,both_opt
6,1,1,8,B,A,A,B,9,7,5,-7,A,B,B,A,B,A,A,B,B,A,A,B,A,B,B,A,A,B,B,A,A,B,B,A,other_opt,other_opt,both_opt,both_opt
4,3,2,7,B,A,A,B,9,7,1,-5,A,B,B,A,B,A,A,B,B,A,A,B,A,B,B,A,A,B,B,A,A,B,B,A,other_opt,other_opt,both_opt,both_opt
4,5,3,7,B,A,A,B,10,9,-1,-4,A,B,B,A,B,A,A,B,B,A,A,B,A,B,B,A,A,B,B,A,A,B,B,A,other_opt,other_opt,both_opt,both_opt
1,2,5,1,B,A,B,A,6,3,4,-1,B,A,A,B,A,B,B,A,B,A,A,B,B,A,A,B,B,A,A,B,B,A,A,B,ego_opt,ego_opt,both_opt,both_opt
4,2,2,7,B,A,A,B,9,6,2,-5,A,B,B,A,B,A,A,B,B,A,A,B,A,B,B,A,A,B,B,A,A,B,B,A,other_opt,other_opt,both_opt,both_opt
4,7,6,6,B,A,B,A,12,11,0,-3,B,A,A,B,A,B,B,A,B,A,A,B,B,A,A,B,B,A,A,B,B,A,A,B,ego_opt,ego_opt,both_opt,both_opt
2,6,6,4,B,A,B,A,10,8,2,-4,B,A,A,B,A,B,B,A,B,A,A,B,B,A,A,B,B,A,A,B,B,A,A,B,ego_opt,ego_opt,both_opt,both_opt
6,8,8,2,A,B,B,A,14,10,6,-2,B,A,A,B,A,B,B,A,A,B,B,A,B,A,A,B,B,A,A,B,B,A,A,B,other_opt,other_opt,both_opt,both_opt
4,7,7,3,A,B,B,A,11,10,4,-3,B,A,A,B,A,B,B,A,A,B,B,A,B,A,A,B,B,A,A,B,B,A,A,B,other_opt,other_opt,both_opt,both_opt
4,8,8,7,B,A,B,A,15,12,1,-4,B,A,A,B,A,B,B,A,B,A,A,B,B,A,A,B,B,A,A,B,B,A,A,B,ego_opt,ego_opt,both_opt,both_opt
1,6,8,3,B,A,B,A,11,7,5,-5,B,A,A,B,A,B,B,A,B,A,A,B,B,A,A,B,B,A,A,B,B,A,A,B,ego_opt,ego_opt,both_opt,both_opt
8,1,1,5,A,B,A,B,9,6,7,-4,A,B,B,A,B,A,A,B,A,B,B,A,A,B,B,A,A,B,B,A,A,B,B,A,ego_opt,ego_opt,both_opt,both_opt
4,8,8,6,B,A,B,A,14,12,2,-4,B,A,A,B,A,B,B,A,B,A,A,B,B,A,A,B,B,A,A,B,B,A,A,B,ego_opt,ego_opt,both_opt,both_opt
8,5,7,7,B,A,A,B,14,13,3,0,A,B,B,A,B,A,A,B,B,A,A,B,A,B,B,A,A,B,B,A,A,B,B,A,other_opt,other_opt,both_opt,both_opt
4,2,2,6,B,A,A,B,8,6,2,-4,A,B,B,A,B,A,A,B,B,A,A,B,A,B,B,A,A,B,B,A,A,B,B,A,other_opt,other_opt,both_opt,both_opt
3,5,5,1,A,B,B,A,8,6,4,-2,B,A,A,B,A,B,B,A,A,B,B,A,B,A,A,B,B,A,A,B,B,A,A,B,other_opt,other_opt,both_opt,both_opt
7,4,6,7,B,A,A,B,13,11,3,-1,A,B,B,A,B,A,A,B,B,A,A,B,A,B,B,A,A,B,B,A,A,B,B,A,other_opt,other_opt,both_opt,both_opt
6,8,8,4,A,B,B,A,14,12,4,-2,B,A,A,B,A,B,B,A,A,B,B,A,B,A,A,B,B,A,A,B,B,A,A,B,other_opt,other_opt,both_opt,both_opt
7,1,5,5,B,A,A,B,10,8,6,0,A,B,B,A,B,A,A,B,B,A,A,B,A,B,B,A,A,B,B,A,A,B,B,A,other_opt,other_opt,both_opt,both_opt
4,3,3,8,B,A,A,B,11,7,1,-5,A,B,B,A,B,A,A,B,B,A,A,B,A,B,B,A,A,B,B,A,A,B,B,A,other_opt,other_opt,both_opt,both_opt
5,1,3,4,B,A,A,B,7,6,4,-1,A,B,B,A,B,A,A,B,B,A,A,B,A,B,B,A,A,B,B,A,A,B,B,A,other_opt,other_opt,both_opt,both_opt
6,4,1,7,A,B,A,B,10,8,2,-6,A,B,B,A,B,A,A,B,A,B,B,A,A,B,B,A,A,B,B,A,A,B,B,A,ego_opt,ego_opt,both_opt,both_opt
1,4,6,2,B,A,B,A,8,5,4,-3,B,A,A,B,A,B,B,A,B,A,A,B,B,A,A,B,B,A,A,B,B,A,A,B,ego_opt,ego_opt,both_opt,both_opt
1,5,5,2,B,A,B,A,7,6,3,-4,B,A,A,B,A,B,B,A,B,A,A,B,B,A,A,B,B,A,A,B,B,A,A,B,ego_opt,ego_opt,both_opt,both_opt
1,5,3,4,B,A,B,A,7,6,-1,-4,B,A,A,B,A,B,B,A,B,A,A,B,B,A,A,B,B,A,A,B,B,A,A,B,ego_opt,ego_opt,both_opt,both_opt
8,1,7,7,B,A,A,B,14,9,7,0,A,B,B,A,B,A,A,B,B,A,A,B,A,B,B,A,A,B,B,A,A,B,B,A,other_opt,other_opt,both_opt,both_opt
7,6,8,3,A,B,B,A,13,11,5,1,B,A,A,B,A,B,B,A,A,B,B,A,B,A,A,B,B,A,A,B,B,A,A,B,other_opt,other_opt,both_opt,both_opt
8,2,1,6,A,B,A,B,10,7,6,-5,A,B,B,A,B,A,A,B,A,B,B,A,A,B,B,A,A,B,B,A,A,B,B,A,ego_opt,ego_opt,both_opt,both_opt
4,8,5,4,A,B,B,A,12,9,1,-4,B,A,A,B,A,B,B,A,A,B,B,A,B,A,A,B,B,A,A,B,B,A,A,B,other_opt,other_opt,both_opt,both_opt
5,6,8,2,A,B,B,A,11,10,6,-1,B,A,A,B,A,B,B,A,A,B,B,A,B,A,A,B,B,A,A,B,B,A,A,B,other_opt,other_opt,both_opt,both_opt
8,6,4,8,A,B,A,B,14,12,2,-4,A,B,B,A,B,A,A,B,A,B,B,A,A,B,B,A,A,B,B,A,A,B,B,A,ego_opt,ego_opt,both_opt,both_opt
4,2,1,6,B,A,A,B,7,6,2,-5,A,B,B,A,B,A,A,B,B,A,A,B,A,B,B,A,A,B,B,A,A,B,B,A,other_opt,other_opt,both_opt,both_opt
4,2,1,8,B,A,A,B,9,6,2,-7,A,B,B,A,B,A,A,B,B,A,A,B,A,B,B,A,A,B,B,A,A,B,B,A,other_opt,other_opt,both_opt,both_opt
4,2,3,6,B,A,A,B,9,6,2,-3,A,B,B,A,B,A,A,B,B,A,A,B,A,B,B,A,A,B,B,A,A,B,B,A,other_opt,other_opt,both_opt,both_opt
1,3,5,1,B,A,B,A,6,4,4,-2,B,A,A,B,A,B,B,A,B,A,A,B,B,A,A,B,B,A,A,B,B,A,A,B,ego_opt,ego_opt,both_opt,both_opt
3,6,7,4,B,A,B,A,11,9,3,-3,B,A,A,B,A,B,B,A,B,A,A,B,B,A,A,B,B,A,A,B,B,A,A,B,ego_opt,ego_opt,both_opt,both_opt
2,7,7,4,B,A,B,A,11,9,3,-5,B,A,A,B,A,B,B,A,B,A,A,B,B,A,A,B,B,A,A,B,B,A,A,B,ego_opt,ego_opt,both_opt,both_opt
3,7,4,1,A,B,B,A,10,5,3,-4,B,A,A,B,A,B,B,A,A,B,B,A,B,A,A,B,B,A,A,B,B,A,A,B,other_opt,other_opt,both_opt,both_opt
2,8,5,7,B,A,B,A,12,10,-2,-6,B,A,A,B,A,B,B,A,B,A,A,B,B,A,A,B,B,A,A,B,B,A,A,B,ego_opt,ego_opt,both_opt,both_opt
3,4,1,8,B,A,A,B,9,7,-1,-7,A,B,B,A,B,A,A,B,B,A,A,B,A,B,B,A,A,B,B,A,A,B,B,A,other_opt,other_opt,both_opt,both_opt
8,1,5,2,A,B,A,B,9,7,7,3,A,B,B,A,B,A,A,B,A,B,B,A,A,B,B,A,A,B,B,A,A,B,B,A,ego_opt,ego_opt,both_opt,both_opt
1,7,5,5,B,A,B,A,10,8,0,-6,B,A,A,B,A,B,B,A,B,A,A,B,B,A,A,B,B,A,A,B,B,A,A,B,ego_opt,ego_opt,both_opt,both_opt
3,6,5,1,A,B,B,A,9,6,4,-3,B,A,A,B,A,B,B,A,A,B,B,A,B,A,A,B,B,A,A,B,B,A,A,B,other_opt,other_opt,both_opt,both_opt
8,2,5,8,B,A,A,B,13,10,6,-3,A,B,B,A,B,A,A,B,B,A,A,B,A,B,B,A,A,B,B,A,A,B,B,A,other_opt,other_opt,both_opt,both_opt
3,5,8,2,B,A,B,A,10,8,6,-2,B,A,A,B,A,B,B,A,B,A,A,B,B,A,A,B,B,A,A,B,B,A,A,B,ego_opt,ego_opt,both_opt,both_opt
7,1,1,4,A,B,A,B,8,5,6,-3,A,B,B,A,B,A,A,B,A,B,B,A,A,B,B,A,A,B,B,A,A,B,B,A,ego_opt,ego_opt,both_opt,both_opt
2,7,5,2,A,B,B,A,9,7,3,-5,B,A,A,B,A,B,B,A,A,B,B,A,B,A,A,B,B,A,A,B,B,A,A,B,other_opt,other_opt,both_opt,both_opt
5,3,1,8,B,A,A,B,9,8,2,-7,A,B,B,A,B,A,A,B,B,A,A,B,A,B,B,A,A,B,B,A,A,B,B,A,other_opt,other_opt,both_opt,both_opt
3,5,1,6,A,B,A,B,8,7,-2,-5,A,B,B,A,B,A,A,B,A,B,B,A,A,B,B,A,A,B,B,A,A,B,B,A,ego_opt,ego_opt,both_opt,both_opt
2,6,8,1,B,A,B,A,9,8,7,-4,B,A,A,B,A,B,B,A,B,A,A,B,B,A,A,B,B,A,A,B,B,A,A,B,ego_opt,ego_opt,both_opt,both_opt
8,4,1,7,A,B,A,B,12,8,4,-6,A,B,B,A,B,A,A,B,A,B,B,A,A,B,B,A,A,B,B,A,A,B,B,A,ego_opt,ego_opt,both_opt,both_opt
8,5,1,8,A,B,A,B,13,9,3,-7,A,B,B,A,B,A,A,B,A,B,B,A,A,B,B,A,A,B,B,A,A,B,B,A,ego_opt,ego_opt,both_opt,both_opt
2,8,8,3,B,A,B,A,11,10,5,-6,B,A,A,B,A,B,B,A,B,A,A,B,B,A,A,B,B,A,A,B,B,A,A,B,ego_opt,ego_opt,both_opt,both_opt
6,2,2,7,B,A,A,B,9,8,4,-5,A,B,B,A,B,A,A,B,B,A,A,B,A,B,B,A,A,B,B,A,A,B,B,A,other_opt,other_opt,both_opt,both_opt
2,8,7,1,A,B,B,A,10,8,6,-6,B,A,A,B,A,B,B,A,A,B,B,A,B,A,A,B,B,A,A,B,B,A,A,B,other_opt,other_opt,both_opt,both_opt
5,2,4,6,B,A,A,B,10,7,3,-2,A,B,B,A,B,A,A,B,B,A,A,B,A,B,B,A,A,B,B,A,A,B,B,A,other_opt,other_opt,both_opt,both_opt
2,8,8,3,B,A,B,A,11,10,5,-6,B,A,A,B,A,B,B,A,B,A,A,B,B,A,A,B,B,A,A,B,B,A,A,B,ego_opt,ego_opt,both_opt,both_opt
1,6,8,3,B,A,B,A,11,7,5,-5,B,A,A,B,A,B,B,A,B,A,A,B,B,A,A,B,B,A,A,B,B,A,A,B,ego_opt,ego_opt,both_opt,both_opt
5,3,8,1,B,A,B,A,9,8,7,2,B,A,A,B,A,B,B,A,B,A,A,B,B,A,A,B,B,A,A,B,B,A,A,B,ego_opt,ego_opt,both_opt,both_opt
1,8,6,2,A,B,B,A,9,8,4,-7,B,A,A,B,A,B,B,A,A,B,B,A,B,A,A,B,B,A,A,B,B,A,A,B,other_opt,other_opt,both_opt,both_opt
6,6,7,2,A,B,B,A,12,9,5,0,B,A,A,B,A,B,B,A,A,B,B,A,B,A,A,B,B,A,A,B,B,A,A,B,other_opt,other_opt,both_opt,both_opt
2,5,8,2,B,A,B,A,10,7,6,-3,B,A,A,B,A,B,B,A,B,A,A,B,B,A,A,B,B,A,A,B,B,A,A,B,ego_opt,ego_opt,both_opt,both_opt
6,1,2,3,A,B,A,B,7,5,5,-1,A,B,B,A,B,A,A,B,A,B,B,A,A,B,B,A,A,B,B,A,A,B,B,A,ego_opt,ego_opt,both_opt,both_opt
5,2,3,3,A,B,A,B,7,6,3,0,A,B,B,A,B,A,A,B,A,B,B,A,A,B,B,A,A,B,B,A,A,B,B,A,ego_opt,ego_opt,both_opt,both_opt
1,3,7,1,B,A,B,A,8,4,6,-2,B,A,A,B,A,B,B,A,B,A,A,B,B,A,A,B,B,A,A,B,B,A,A,B,ego_opt,ego_opt,both_opt,both_opt
2,5,1,7,B,A,A,B,8,7,-3,-6,A,B,B,A,B,A,A,B,B,A,A,B,A,B,B,A,A,B,B,A,A,B,B,A,other_opt,other_opt,both_opt,both_opt
7,5,5,6,A,B,A,B,12,11,2,-1,A,B,B,A,B,A,A,B,A,B,B,A,A,B,B,A,A,B,B,A,A,B,B,A,ego_opt,ego_opt,both_opt,both_opt
5,4,3,7,B,A,A,B,10,9,1,-4,A,B,B,A,B,A,A,B,B,A,A,B,A,B,B,A,A,B,B,A,A,B,B,A,other_opt,other_opt,both_opt,both_opt
4,2,1,6,B,A,A,B,7,6,2,-5,A,B,B,A,B,A,A,B,B,A,A,B,A,B,B,A,A,B,B,A,A,B,B,A,other_opt,other_opt,both_opt,both_opt
8,3,6,7,B,A,A,B,13,11,5,-1,A,B,B,A,B,A,A,B,B,A,A,B,A,B,B,A,A,B,B,A,A,B,B,A,other_opt,other_opt,both_opt,both_opt
7,4,3,6,A,B,A,B,11,9,3,-3,A,B,B,A,B,A,A,B,A,B,B,A,A,B,B,A,A,B,B,A,A,B,B,A,ego_opt,ego_opt,both_opt,both_opt
5,1,3,4,B,A,A,B,7,6,4,-1,A,B,B,A,B,A,A,B,B,A,A,B,A,B,B,A,A,B,B,A,A,B,B,A,other_opt,other_opt,both_opt,both_opt
1,8,2,5,A,B,B,A,9,7,-3,-7,B,A,A,B,A,B,B,A,A,B,B,A,B,A,A,B,B,A,A,B,B,A,A,B,other_opt,other_opt,both_opt,both_opt
3,4,7,2,B,A,B,A,9,7,5,-1,B,A,A,B,A,B,B,A,B,A,A,B,B,A,A,B,B,A,A,B,B,A,A,B,ego_opt,ego_opt,both_opt,both_opt
8,4,3,6,A,B,A,B,12,9,4,-3,A,B,B,A,B,A,A,B,A,B,B,A,A,B,B,A,A,B,B,A,A,B,B,A,ego_opt,ego_opt,both_opt,both_opt
4,1,2,8,B,A,A,B,10,5,3,-6,A,B,B,A,B,A,A,B,B,A,A,B,A,B,B,A,A,B,B,A,A,B,B,A,other_opt,other_opt,both_opt,both_opt
5,6,7,2,A,B,B,A,11,9,5,-1,B,A,A,B,A,B,B,A,A,B,B,A,B,A,A,B,B,A,A,B,B,A,A,B,other_opt,other_opt,both_opt,both_opt
5,7,7,1,A,B,B,A,12,8,6,-2,B,A,A,B,A,B,B,A,A,B,B,A,B,A,A,B,B,A,A,B,B,A,A,B,other_opt,other_opt,both_opt,both_opt
6,3,2,5,A,B,A,B,9,7,3,-3,A,B,B,A,B,A,A,B,A,B,B,A,A,B,B,A,A,B,B,A,A,B,B,A,ego_opt,ego_opt,both_opt,both_opt
2,7,7,4,B,A,B,A,11,9,3,-5,B,A,A,B,A,B,B,A,B,A,A,B,B,A,A,B,B,A,A,B,B,A,A,B,ego_opt,ego_opt,both_opt,both_opt
6,5,8,2,A,B,B,A,11,10,6,1,B,A,A,B,A,B,B,A,A,B,B,A,B,A,A,B,B,A,A,B,B,A,A,B,other_opt,other_opt,both_opt,both_opt
8,1,7,8,B,A,A,B,15,9,7,-1,A,B,B,A,B,A,A,B,B,A,A,B,A,B,B,A,A,B,B,A,A,B,B,A,other_opt,other_opt,both_opt,both_opt
2,7,3,1,A,B,B,A,9,4,2,-5,B,A,A,B,A,B,B,A,A,B,B,A,B,A,A,B,B,A,A,B,B,A,A,B,other_opt,other_opt,both_opt,both_opt
7,3,2,5,A,B,A,B,10,7,4,-3,A,B,B,A,B,A,A,B,A,B,B,A,A,B,B,A,A,B,B,A,A,B,B,A,ego_opt,ego_opt,both_opt,both_opt
2,8,6,3,A,B,B,A,10,9,3,-6,B,A,A,B,A,B,B,A,A,B,B,A,B,A,A,B,B,A,A,B,B,A,A,B,other_opt,other_opt,both_opt,both_opt
1,3,4,2,B,A,B,A,6,4,2,-2,B,A,A,B,A,B,B,A,B,A,A,B,B,A,A,B,B,A,A,B,B,A,A,B,ego_opt,ego_opt,both_opt,both_opt
2,3,8,1,B,A,B,A,9,5,7,-1,B,A,A,B,A,B,B,A,B,A,A,B,B,A,A,B,B,A,A,B,B,A,A,B,ego_opt,ego_opt,both_opt,both_opt
1,8,6,6,B,A,B,A,12,9,0,-7,B,A,A,B,A,B,B,A,B,A,A,B,B,A,A,B,B,A,A,B,B,A,A,B,ego_opt,ego_opt,both_opt,both_opt
8,4,2,8,A,B,A,B,12,10,4,-6,A,B,B,A,B,A,A,B,A,B,B,A,A,B,B,A,A,B,B,A,A,B,B,A,ego_opt,ego_opt,both_opt,both_opt
8,1,5,3,A,B,A,B,9,8,7,2,A,B,B,A,B,A,A,B,A,B,B,A,A,B,B,A,A,B,B,A,A,B,B,A,ego_opt,ego_opt,both_opt,both_opt
4,6,6,2,A,B,B,A,10,8,4,-2,B,A,A,B,A,B,B,A,A,B,B,A,B,A,A,B,B,A,A,B,B,A,A,B,other_opt,other_opt,both_opt,both_opt
1,7,2,4,A,B,B,A,8,6,-2,-6,B,A,A,B,A,B,B,A,A,B,B,A,B,A,A,B,B,A,A,B,B,A,A,B,other_opt,other_opt,both_opt,both_opt
2,8,8,6,B,A,B,A,14,10,2,-6,B,A,A,B,A,B,B,A,B,A,A,B,B,A,A,B,B,A,A,B,B,A,A,B,ego_opt,ego_opt,both_opt,both_opt
3,4,8,2,B,A,B,A,10,7,6,-1,B,A,A,B,A,B,B,A,B,A,A,B,B,A,A,B,B,A,A,B,B,A,A,B,ego_opt,ego_opt,both_opt,both_opt
3,6,1,7,A,B,A,B,9,8,-3,-6,A,B,B,A,B,A,A,B,A,B,B,A,A,B,B,A,A,B,B,A,A,B,B,A,ego_opt,ego_opt,both_opt,both_opt
6,7,7,5,A,B,B,A,13,12,2,-1,B,A,A,B,A,B,B,A,A,B,B,A,B,A,A,B,B,A,A,B,B,A,A,B,other_opt,other_opt,both_opt,both_opt
1,8,5,1,A,B,B,A,9,6,4,-7,B,A,A,B,A,B,B,A,A,B,B,A,B,A,A,B,B,A,A,B,B,A,A,B,other_opt,other_opt,both_opt,both_opt
4,2,2,7,B,A,A,B,9,6,2,-5,A,B,B,A,B,A,A,B,B,A,A,B,A,B,B,A,A,B,B,A,A,B,B,A,other_opt,other_opt,both_opt,both_opt
3,2,7,1,B,A,B,A,8,5,6,1,B,A,A,B,A,B,B,A,B,A,A,B,B,A,A,B,B,A,A,B,B,A,A,B,ego_opt,ego_opt,both_opt,both_opt
3,3,2,8,B,A,A,B,10,6,0,-6,A,B,B,A,B,A,A,B,B,A,A,B,A,B,B,A,A,B,B,A,A,B,B,A,other_opt,other_opt,both_opt,both_opt
6,2,2,8,B,A,A,B,10,8,4,-6,A,B,B,A,B,A,A,B,B,A,A,B,A,B,B,A,A,B,B,A,A,B,B,A,other_opt,other_opt,both_opt,both_opt
3,7,5,3,A,B,B,A,10,8,2,-4,B,A,A,B,A,B,B,A,A,B,B,A,B,A,A,B,B,A,A,B,B,A,A,B,other_opt,other_opt,both_opt,both_opt
1,5,7,2,B,A,B,A,9,6,5,-4,B,A,A,B,A,B,B,A,B,A,A,B,B,A,A,B,B,A,A,B,B,A,A,B,ego_opt,ego_opt,both_opt,both_opt
8,3,3,6,A,B,A,B,11,9,5,-3,A,B,B,A,B,A,A,B,A,B,B,A,A,B,B,A,A,B,B,A,A,B,B,A,ego_opt,ego_opt,both_opt,both_opt
6,4,8,1,A,B,B,A,10,9,7,2,B,A,A,B,A,B,B,A,A,B,B,A,B,A,A,B,B,A,A,B,B,A,A,B,other_opt,other_opt,both_opt,both_opt
8,2,7,8,B,A,A,B,15,10,6,-1,A,B,B,A,B,A,A,B,B,A,A,B,A,B,B,A,A,B,B,A,A,B,B,A,other_opt,other_opt,both_opt,both_opt
7,1,1,8,B,A,A,B,9,8,6,-7,A,B,B,A,B,A,A,B,B,A,A,B,A,B,B,A,A,B,B,A,A,B,B,A,other_opt,other_opt,both_opt,both_opt
7,8,8,4,A,B,B,A,15,12,4,-1,B,A,A,B,A,B,B,A,A,B,B,A,B,A,A,B,B,A,A,B,B,A,A,B,other_opt,other_opt,both_opt,both_opt
3,3,2,6,B,A,A,B,8,6,0,-4,A,B,B,A,B,A,A,B,B,A,A,B,A,B,B,A,A,B,B,A,A,B,B,A,other_opt,other_opt,both_opt,both_opt
6,8,7,4,A,B,B,A,14,11,3,-2,B,A,A,B,A,B,B,A,A,B,B,A,B,A,A,B,B,A,A,B,B,A,A,B,other_opt,other_opt,both_opt,both_opt
4,4,1,5,A,B,A,B,8,6,0,-4,A,B,B,A,B,A,A,B,A,B,B,A,A,B,B,A,A,B,B,A,A,B,B,A,ego_opt,ego_opt,both_opt,both_opt
3,4,1,8,B,A,A,B,9,7,-1,-7,A,B,B,A,B,A,A,B,B,A,A,B,A,B,B,A,A,B,B,A,A,B,B,A,other_opt,other_opt,both_opt,both_opt
8,4,7,8,B,A,A,B,15,12,4,-1,A,B,B,A,B,A,A,B,B,A,A,B,A,B,B,A,A,B,B,A,A,B,B,A,other_opt,other_opt,both_opt,both_opt
3,4,1,8,B,A,A,B,9,7,-1,-7,A,B,B,A,B,A,A,B,B,A,A,B,A,B,B,A,A,B,B,A,A,B,B,A,other_opt,other_opt,both_opt,both_opt
8,1,3,8,B,A,A,B,11,9,7,-5,A,B,B,A,B,A,A,B,B,A,A,B,A,B,B,A,A,B,B,A,A,B,B,A,other_opt,other_opt,both_opt,both_opt
1,4,3,1,A,B,B,A,5,4,2,-3,B,A,A,B,A,B,B,A,A,B,B,A,B,A,A,B,B,A,A,B,B,A,A,B,other_opt,other_opt,both_opt,both_opt
7,3,5,7,B,A,A,B,12,10,4,-2,A,B,B,A,B,A,A,B,B,A,A,B,A,B,B,A,A,B,B,A,A,B,B,A,other_opt,other_opt,both_opt,both_opt
2,6,5,5,B,A,B,A,10,8,0,-4,B,A,A,B,A,B,B,A,B,A,A,B,B,A,A,B,B,A,A,B,B,A,A,B,ego_opt,ego_opt,both_opt,both_opt
7,1,5,6,B,A,A,B,11,8,6,-1,A,B,B,A,B,A,A,B,B,A,A,B,A,B,B,A,A,B,B,A,A,B,B,A,other_opt,other_opt,both_opt,both_opt
2,6,5,2,A,B,B,A,8,7,3,-4,B,A,A,B,A,B,B,A,A,B,B,A,B,A,A,B,B,A,A,B,B,A,A,B,other_opt,other_opt,both_opt,both_opt
4,8,7,4,A,B,B,A,12,11,3,-4,B,A,A,B,A,B,B,A,A,B,B,A,B,A,A,B,B,A,A,B,B,A,A,B,other_opt,other_opt,both_opt,both_opt
5,1,4,5,B,A,A,B,9,6,4,-1,A,B,B,A,B,A,A,B,B,A,A,B,A,B,B,A,A,B,B,A,A,B,B,A,other_opt,other_opt,both_opt,both_opt
8,5,1,6,A,B,A,B,13,7,3,-5,A,B,B,A,B,A,A,B,A,B,B,A,A,B,B,A,A,B,B,A,A,B,B,A,ego_opt,ego_opt,both_opt,both_opt
4,5,6,2,A,B,B,A,9,8,4,-1,B,A,A,B,A,B,B,A,A,B,B,A,B,A,A,B,B,A,A,B,B,A,A,B,other_opt,other_opt,both_opt,both_opt
1,6,8,4,B,A,B,A,12,7,4,-5,B,A,A,B,A,B,B,A,B,A,A,B,B,A,A,B,B,A,A,B,B,A,A,B,ego_opt,ego_opt,both_opt,both_opt
2,8,8,3,B,A,B,A,11,10,5,-6,B,A,A,B,A,B,B,A,B,A,A,B,B,A,A,B,B,A,A,B,B,A,A,B,ego_opt,ego_opt,both_opt,both_opt
2,2,1,7,B,A,A,B,8,4,0,-6,A,B,B,A,B,A,A,B,B,A,A,B,A,B,B,A,A,B,B,A,A,B,B,A,other_opt,other_opt,both_opt,both_opt
5,4,7,3,B,A,B,A,10,9,4,1,B,A,A,B,A,B,B,A,B,A,A,B,B,A,A,B,B,A,A,B,B,A,A,B,ego_opt,ego_opt,both_opt,both_opt
8,2,5,3,A,B,A,B,10,8,6,2,A,B,B,A,B,A,A,B,A,B,B,A,A,B,B,A,A,B,B,A,A,B,B,A,ego_opt,ego_opt,both_opt,both_opt
2,7,8,2,B,A,B,A,10,9,6,-5,B,A,A,B,A,B,B,A,B,A,A,B,B,A,A,B,B,A,A,B,B,A,A,B,ego_opt,ego_opt,both_opt,both_opt
6,1,3,5,B,A,A,B,8,7,5,-2,A,B,B,A,B,A,A,B,B,A,A,B,A,B,B,A,A,B,B,A,A,B,B,A,other_opt,other_opt,both_opt,both_opt
7,3,6,7,B,A,A,B,13,10,4,-1,A,B,B,A,B,A,A,B,B,A,A,B,A,B,B,A,A,B,B,A,A,B,B,A,other_opt,other_opt,both_opt,both_opt
2,1,1,4,B,A,A,B,5,3,1,-3,A,B,B,A,B,A,A,B,B,A,A,B,A,B,B,A,A,B,B,A,A,B,B,A,other_opt,other_opt,both_opt,both_opt
2,6,7,5,B,A,B,A,12,8,2,-4,B,A,A,B,A,B,B,A,B,A,A,B,B,A,A,B,B,A,A,B,B,A,A,B,ego_opt,ego_opt,both_opt,both_opt
5,5,8,1,A,B,B,A,10,9,7,0,B,A,A,B,A,B,B,A,A,B,B,A,B,A,A,B,B,A,A,B,B,A,A,B,other_opt,other_opt,both_opt,both_opt
6,5,4,6,A,B,A,B,11,10,1,-2,A,B,B,A,B,A,A,B,A,B,B,A,A,B,B,A,A,B,B,A,A,B,B,A,ego_opt,ego_opt,both_opt,both_opt
8,4,6,7,B,A,A,B,13,12,4,-1,A,B,B,A,B,A,A,B,B,A,A,B,A,B,B,A,A,B,B,A,A,B,B,A,other_opt,other_opt,both_opt,both_opt
6,2,1,6,A,B,A,B,8,7,4,-5,A,B,B,A,B,A,A,B,A,B,B,A,A,B,B,A,A,B,B,A,A,B,B,A,ego_opt,ego_opt,both_opt,both_opt
6,2,1,4,A,B,A,B,8,5,4,-3,A,B,B,A,B,A,A,B,A,B,B,A,A,B,B,A,A,B,B,A,A,B,B,A,ego_opt,ego_opt,both_opt,both_opt
4,7,2,8,A,B,A,B,11,10,-3,-6,A,B,B,A,B,A,A,B,A,B,B,A,A,B,B,A,A,B,B,A,A,B,B,A,ego_opt,ego_opt,both_opt,both_opt
2,5,4,4,B,A,B,A,8,7,0,-3,B,A,A,B,A,B,B,A,B,A,A,B,B,A,A,B,B,A,A,B,B,A,A,B,ego_opt,ego_opt,both_opt,both_opt
8,6,1,8,A,B,A,B,14,9,2,-7,A,B,B,A,B,A,A,B,A,B,B,A,A,B,B,A,A,B,B,A,A,B,B,A,ego_opt,ego_opt,both_opt,both_opt
7,1,5,7,B,A,A,B,12,8,6,-2,A,B,B,A,B,A,A,B,B,A,A,B,A,B,B,A,A,B,B,A,A,B,B,A,other_opt,other_opt,both_opt,both_opt
3,2,7,1,B,A,B,A,8,5,6,1,B,A,A,B,A,B,B,A,B,A,A,B,B,A,A,B,B,A,A,B,B,A,A,B,ego_opt,ego_opt,both_opt,both_opt
6,5,2,6,A,B,A,B,11,8,1,-4,A,B,B,A,B,A,A,B,A,B,B,A,A,B,B,A,A,B,B,A,A,B,B,A,ego_opt,ego_opt,both_opt,both_opt
1,5,8,2,B,A,B,A,10,6,6,-4,B,A,A,B,A,B,B,A,B,A,A,B,B,A,A,B,B,A,A,B,B,A,A,B,ego_opt,ego_opt,both_opt,both_opt
4,1,1,6,B,A,A,B,7,5,3,-5,A,B,B,A,B,A,A,B,B,A,A,B,A,B,B,A,A,B,B,A,A,B,B,A,other_opt,other_opt,both_opt,both_opt
3,2,1,5,B,A,A,B,6,5,1,-4,A,B,B,A,B,A,A,B,B,A,A,B,A,B,B,A,A,B,B,A,A,B,B,A,other_opt,other_opt,both_opt,both_opt
8,4,2,5,A,B,A,B,12,7,4,-3,A,B,B,A,B,A,A,B,A,B,B,A,A,B,B,A,A,B,B,A,A,B,B,A,ego_opt,ego_opt,both_opt,both_opt
7,4,1,6,A,B,A,B,11,7,3,-5,A,B,B,A,B,A,A,B,A,B,B,A,A,B,B,A,A,B,B,A,A,B,B,A,ego_opt,ego_opt,both_opt,both_opt
7,8,8,3,A,B,B,A,15,11,5,-1,B,A,A,B,A,B,B,A,A,B,B,A,B,A,A,B,B,A,A,B,B,A,A,B,other_opt,other_opt,both_opt,both_opt
2,3,6,2,B,A,B,A,8,5,4,-1,B,A,A,B,A,B,B,A,B,A,A,B,B,A,A,B,B,A,A,B,B,A,A,B,ego_opt,ego_opt,both_opt,both_opt
1,8,6,6,B,A,B,A,12,9,0,-7,B,A,A,B,A,B,B,A,B,A,A,B,B,A,A,B,B,A,A,B,B,A,A,B,ego_opt,ego_opt,both_opt,both_opt
4,7,8,4,B,A,B,A,12,11,4,-3,B,A,A,B,A,B,B,A,B,A,A,B,B,A,A,B,B,A,A,B,B,A,A,B,ego_opt,ego_opt,both_opt,both_opt
1,8,3,5,A,B,B,A,9,8,-2,-7,B,A,A,B,A,B,B,A,A,B,B,A,B,A,A,B,B,A,A,B,B,A,A,B,other_opt,other_opt,both_opt,both_opt
1,7,4,6,B,A,B,A,10,8,-2,-6,B,A,A,B,A,B,B,A,B,A,A,B,B,A,A,B,B,A,A,B,B,A,A,B,ego_opt,ego_opt,both_opt,both_opt
4,6,7,1,A,B,B,A,10,8,6,-2,B,A,A,B,A,B,B,A,A,B,B,A,B,A,A,B,B,A,A,B,B,A,A,B,other_opt,other_opt,both_opt,both_opt
4,1,3,7,B,A,A,B,10,5,3,-4,A,B,B,A,B,A,A,B,B,A,A,B,A,B,B,A,A,B,B,A,A,B,B,A,other_opt,other_opt,both_opt,both_opt
5,3,8,2,B,A,B,A,10,8,6,2,B,A,A,B,A,B,B,A,B,A,A,B,B,A,A,B,B,A,A,B,B,A,A,B,ego_opt,ego_opt,both_opt,both_opt
6,6,3,8,A,B,A,B,12,11,0,-5,A,B,B,A,B,A,A,B,A,B,B,A,A,B,B,A,A,B,B,A,A,B,B,A,ego_opt,ego_opt,both_opt,both_opt
8,1,1,2,A,B,A,B,9,3,7,-1,A,B,B,A,B,A,A,B,A,B,B,A,A,B,B,A,A,B,B,A,A,B,B,A,ego_opt,ego_opt,both_opt,both_opt
6,7,1,8,A,B,A,B,13,9,-1,-7,A,B,B,A,B,A,A,B,A,B,B,A,A,B,B,A,A,B,B,A,A,B,B,A,ego_opt,ego_opt,both_opt,both_opt
4,8,5,5,A,B,B,A,12,10,0,-4,B,A,A,B,A,B,B,A,A,B,B,A,B,A,A,B,B,A,A,B,B,A,A,B,other_opt,other_opt,both_opt,both_opt
5,4,7,3,B,A,B,A,10,9,4,1,B,A,A,B,A,B,B,A,B,A,A,B,B,A,A,B,B,A,A,B,B,A,A,B,ego_opt,ego_opt,both_opt,both_opt
6,3,3,7,B,A,A,B,10,9,3,-4,A,B,B,A,B,A,A,B,B,A,A,B,A,B,B,A,A,B,B,A,A,B,B,A,other_opt,other_opt,both_opt,both_opt
4,8,8,6,B,A,B,A,14,12,2,-4,B,A,A,B,A,B,B,A,B,A,A,B,B,A,A,B,B,A,A,B,B,A,A,B,ego_opt,ego_opt,both_opt,both_opt
4,5,1,7,A,B,A,B,9,8,-1,-6,A,B,B,A,B,A,A,B,A,B,B,A,A,B,B,A,A,B,B,A,A,B,B,A,ego_opt,ego_opt,both_opt,both_opt
7,1,4,2,A,B,A,B,8,6,6,2,A,B,B,A,B,A,A,B,A,B,B,A,A,B,B,A,A,B,B,A,A,B,B,A,ego_opt,ego_opt,both_opt,both_opt
7,2,4,7,B,A,A,B,11,9,5,-3,A,B,B,A,B,A,A,B,B,A,A,B,A,B,B,A,A,B,B,A,A,B,B,A,other_opt,other_opt,both_opt,both_opt
3,5,4,1,A,B,B,A,8,5,3,-2,B,A,A,B,A,B,B,A,A,B,B,A,B,A,A,B,B,A,A,B,B,A,A,B,other_opt,other_opt,both_opt,both_opt
1,8,4,7,B,A,B,A,11,9,-3,-7,B,A,A,B,A,B,B,A,B,A,A,B,B,A,A,B,B,A,A,B,B,A,A,B,ego_opt,ego_opt,both_opt,both_opt
4,3,6,2,B,A,B,A,8,7,4,1,B,A,A,B,A,B,B,A,B,A,A,B,B,A,A,B,B,A,A,B,B,A,A,B,ego_opt,ego_opt,both_opt,both_opt
3,2,1,6,B,A,A,B,7,5,1,-5,A,B,B,A,B,A,A,B,B,A,A,B,A,B,B,A,A,B,B,A,A,B,B,A,other_opt,other_opt,both_opt,both_opt
4,1,2,6,B,A,A,B,8,5,3,-4,A,B,B,A,B,A,A,B,B,A,A,B,A,B,B,A,A,B,B,A,A,B,B,A,other_opt,other_opt,both_opt,both_opt
1,6,2,3,A,B,B,A,7,5,-1,-5,B,A,A,B,A,B,B,A,A,B,B,A,B,A,A,B,B,A,A,B,B,A,A,B,other_opt,other_opt,both_opt,both_opt
8,3,6,8,B,A,A,B,14,11,5,-2,A,B,B,A,B,A,A,B,B,A,A,B,A,B,B,A,A,B,B,A,A,B,B,A,other_opt,other_opt,both_opt,both_opt
2,6,7,2,B,A,B,A,9,8,5,-4,B,A,A,B,A,B,B,A,B,A,A,B,B,A,A,B,B,A,A,B,B,A,A,B,ego_opt,ego_opt,both_opt,both_opt
8,2,5,7,B,A,A,B,12,10,6,-2,A,B,B,A,B,A,A,B,B,A,A,B,A,B,B,A,A,B,B,A,A,B,B,A,other_opt,other_opt,both_opt,both_opt
6,3,2,5,A,B,A,B,9,7,3,-3,A,B,B,A,B,A,A,B,A,B,B,A,A,B,B,A,A,B,B,A,A,B,B,A,ego_opt,ego_opt,both_opt,both_opt
6,3,2,5,A,B,A,B,9,7,3,-3,A,B,B,A,B,A,A,B,A,B,B,A,A,B,B,A,A,B,B,A,A,B,B,A,ego_opt,ego_opt,both_opt,both_opt
8,4,1,6,A,B,A,B,12,7,4,-5,A,B,B,A,B,A,A,B,A,B,B,A,A,B,B,A,A,B,B,A,A,B,B,A,ego_opt,ego_opt,both_opt,both_opt
8,2,5,6,B,A,A,B,11,10,6,-1,A,B,B,A,B,A,A,B,B,A,A,B,A,B,B,A,A,B,B,A,A,B,B,A,other_opt,other_opt,both_opt,both_opt
5,2,3,3,A,B,A,B,7,6,3,0,A,B,B,A,B,A,A,B,A,B,B,A,A,B,B,A,A,B,B,A,A,B,B,A,ego_opt,ego_opt,both_opt,both_opt
5,4,8,2,B,A,B,A,10,9,6,1,B,A,A,B,A,B,B,A,B,A,A,B,B,A,A,B,B,A,A,B,B,A,A,B,ego_opt,ego_opt,both_opt,both_opt
1,3,6,2,B,A,B,A,8,4,4,-2,B,A,A,B,A,B,B,A,B,A,A,B,B,A,A,B,B,A,A,B,B,A,A,B,ego_opt,ego_opt,both_opt,both_opt
6,5,4,6,A,B,A,B,11,10,1,-2,A,B,B,A,B,A,A,B,A,B,B,A,A,B,B,A,A,B,B,A,A,B,B,A,ego_opt,ego_opt,both_opt,both_opt
7,1,2,8,B,A,A,B,10,8,6,-6,A,B,B,A,B,A,A,B,B,A,A,B,A,B,B,A,A,B,B,A,A,B,B,A,other_opt,other_opt,both_opt,both_opt
7,1,3,2,A,B,A,B,8,5,6,1,A,B,B,A,B,A,A,B,A,B,B,A,A,B,B,A,A,B,B,A,A,B,B,A,ego_opt,ego_opt,both_opt,both_opt
6,1,3,8,B,A,A,B,11,7,5,-5,A,B,B,A,B,A,A,B,B,A,A,B,A,B,B,A,A,B,B,A,A,B,B,A,other_opt,other_opt,both_opt,both_opt
1,8,3,2,A,B,B,A,9,5,1,-7,B,A,A,B,A,B,B,A,A,B,B,A,B,A,A,B,B,A,A,B,B,A,A,B,other_opt,other_opt,both_opt,both_opt
3,5,2,7,B,A,A,B,9,8,-2,-5,A,B,B,A,B,A,A,B,B,A,A,B,A,B,B,A,A,B,B,A,A,B,B,A,other_opt,other_opt,both_opt,both_opt
7,2,5,3,A,B,A,B,9,8,5,2,A,B,B,A,B,A,A,B,A,B,B,A,A,B,B,A,A,B,B,A,A,B,B,A,ego_opt,ego_opt,both_opt,both_opt
4,6,7,4,B,A,B,A,11,10,3,-2,B,A,A,B,A,B,B,A,B,A,A,B,B,A,A,B,B,A,A,B,B,A,A,B,ego_opt,ego_opt,both_opt,both_opt
1,7,4,2,A,B,B,A,8,6,2,-6,B,A,A,B,A,B,B,A,A,B,B,A,B,A,A,B,B,A,A,B,B,A,A,B,other_opt,other_opt,both_opt,both_opt
1,3,4,2,B,A,B,A,6,4,2,-2,B,A,A,B,A,B,B,A,B,A,A,B,B,A,A,B,B,A,A,B,B,A,A,B,ego_opt,ego_opt,both_opt,both_opt
8,3,5,5,A,B,A,B,11,10,5,0,A,B,B,A,B,A,A,B,A,B,B,A,A,B,B,A,A,B,B,A,A,B,B,A,ego_opt,ego_opt,both_opt,both_opt
5,1,3,2,A,B,A,B,6,5,4,1,A,B,B,A,B,A,A,B,A,B,B,A,A,B,B,A,A,B,B,A,A,B,B,A,ego_opt,ego_opt,both_opt,both_opt
2,3,8,1,B,A,B,A,9,5,7,-1,B,A,A,B,A,B,B,A,B,A,A,B,B,A,A,B,B,A,A,B,B,A,A,B,ego_opt,ego_opt,both_opt,both_opt
8,4,2,5,A,B,A,B,12,7,4,-3,A,B,B,A,B,A,A,B,A,B,B,A,A,B,B,A,A,B,B,A,A,B,B,A,ego_opt,ego_opt,both_opt,both_opt
4,4,7,2,B,A,B,A,9,8,5,0,B,A,A,B,A,B,B,A,B,A,A,B,B,A,A,B,B,A,A,B,B,A,A,B,ego_opt,ego_opt,both_opt,both_opt
8,2,7,7,B,A,A,B,14,10,6,0,A,B,B,A,B,A,A,B,B,A,A,B,A,B,B,A,A,B,B,A,A,B,B,A,other_opt,other_opt,both_opt,both_opt
8,6,6,7,A,B,A,B,14,13,2,-1,A,B,B,A,B,A,A,B,A,B,B,A,A,B,B,A,A,B,B,A,A,B,B,A,ego_opt,ego_opt,both_opt,both_opt
8,3,1,5,A,B,A,B,11,6,5,-4,A,B,B,A,B,A,A,B,A,B,B,A,A,B,B,A,A,B,B,A,A,B,B,A,ego_opt,ego_opt,both_opt,both_opt
3,4,2,7,B,A,A,B,9,7,-1,-5,A,B,B,A,B,A,A,B,B,A,A,B,A,B,B,A,A,B,B,A,A,B,B,A,other_opt,other_opt,both_opt,both_opt
2,1,1,3,B,A,A,B,4,3,1,-2,A,B,B,A,B,A,A,B,B,A,A,B,A,B,B,A,A,B,B,A,A,B,B,A,other_opt,other_opt,both_opt,both_opt
7,6,2,7,A,B,A,B,13,9,1,-5,A,B,B,A,B,A,A,B,A,B,B,A,A,B,B,A,A,B,B,A,A,B,B,A,ego_opt,ego_opt,both_opt,both_opt
3,1,2,7,B,A,A,B,9,4,2,-5,A,B,B,A,B,A,A,B,B,A,A,B,A,B,B,A,A,B,B,A,A,B,B,A,other_opt,other_opt,both_opt,both_opt
1,3,4,1,B,A,B,A,5,4,3,-2,B,A,A,B,A,B,B,A,B,A,A,B,B,A,A,B,B,A,A,B,B,A,A,B,ego_opt,ego_opt,both_opt,both_opt
7,1,5,6,B,A,A,B,11,8,6,-1,A,B,B,A,B,A,A,B,B,A,A,B,A,B,B,A,A,B,B,A,A,B,B,A,other_opt,other_opt,both_opt,both_opt
3,4,5,1,A,B,B,A,7,6,4,-1,B,A,A,B,A,B,B,A,A,B,B,A,B,A,A,B,B,A,A,B,B,A,A,B,other_opt,other_opt,both_opt,both_opt
8,2,4,4,A,B,A,B,10,8,6,0,A,B,B,A,B,A,A,B,A,B,B,A,A,B,B,A,A,B,B,A,A,B,B,A,ego_opt,ego_opt,both_opt,both_opt
5,6,8,5,B,A,B,A,13,11,3,-1,B,A,A,B,A,B,B,A,B,A,A,B,B,A,A,B,B,A,A,B,B,A,A,B,ego_opt,ego_opt,both_opt,both_opt
4,7,8,5,B,A,B,A,13,11,3,-3,B,A,A,B,A,B,B,A,B,A,A,B,B,A,A,B,B,A,A,B,B,A,A,B,ego_opt,ego_opt,both_opt,both_opt
6,7,8,6,B,A,B,A,14,13,2,-1,B,A,A,B,A,B,B,A,B,A,A,B,B,A,A,B,B,A,A,B,B,A,A,B,ego_opt,ego_opt,both_opt,both_opt
7,1,3,8,B,A,A,B,11,8,6,-5,A,B,B,A,B,A,A,B,B,A,A,B,A,B,B,A,A,B,B,A,A,B,B,A,other_opt,other_opt,both_opt,both_opt
1,7,8,2,B,A,B,A,10,8,6,-6,B,A,A,B,A,B,B,A,B,A,A,B,B,A,A,B,B,A,A,B,B,A,A,B,ego_opt,ego_opt,both_opt,both_opt
8,6,1,8,A,B,A,B,14,9,2,-7,A,B,B,A,B,A,A,B,A,B,B,A,A,B,B,A,A,B,B,A,A,B,B,A,ego_opt,ego_opt,both_opt,both_opt
1,6,5,3,B,A,B,A,8,7,2,-5,B,A,A,B,A,B,B,A,B,A,A,B,B,A,A,B,B,A,A,B,B,A,A,B,ego_opt,ego_opt,both_opt,both_opt
3,4,1,8,B,A,A,B,9,7,-1,-7,A,B,B,A,B,A,A,B,B,A,A,B,A,B,B,A,A,B,B,A,A,B,B,A,other_opt,other_opt,both_opt,both_opt
3,2,1,8,B,A,A,B,9,5,1,-7,A,B,B,A,B,A,A,B,B,A,A,B,A,B,B,A,A,B,B,A,A,B,B,A,other_opt,other_opt,both_opt,both_opt
7,4,3,5,A,B,A,B,11,8,3,-2,A,B,B,A,B,A,A,B,A,B,B,A,A,B,B,A,A,B,B,A,A,B,B,A,ego_opt,ego_opt,both_opt,both_opt
8,3,7,8,B,A,A,B,15,11,5,-1,A,B,B,A,B,A,A,B,B,A,A,B,A,B,B,A,A,B,B,A,A,B,B,A,other_opt,other_opt,both_opt,both_opt
8,2,4,3,A,B,A,B,10,7,6,1,A,B,B,A,B,A,A,B,A,B,B,A,A,B,B,A,A,B,B,A,A,B,B,A,ego_opt,ego_opt,both_opt,both_opt
3,1,1,5,B,A,A,B,6,4,2,-4,A,B,B,A,B,A,A,B,B,A,A,B,A,B,B,A,A,B,B,A,A,B,B,A,other_opt,other_opt,both_opt,both_opt
1,4,5,2,B,A,B,A,7,5,3,-3,B,A,A,B,A,B,B,A,B,A,A,B,B,A,A,B,B,A,A,B,B,A,A,B,ego_opt,ego_opt,both_opt,both_opt
4,5,7,3,B,A,B,A,10,9,4,-1,B,A,A,B,A,B,B,A,B,A,A,B,B,A,A,B,B,A,A,B,B,A,A,B,ego_opt,ego_opt,both_opt,both_opt
2,5,7,1,B,A,B,A,8,7,6,-3,B,A,A,B,A,B,B,A,B,A,A,B,B,A,A,B,B,A,A,B,B,A,A,B,ego_opt,ego_opt,both_opt,both_opt
2,7,4,4,A,B,B,A,9,8,0,-5,B,A,A,B,A,B,B,A,A,B,B,A,B,A,A,B,B,A,A,B,B,A,A,B,other_opt,other_opt,both_opt,both_opt
1,8,8,3,B,A,B,A,11,9,5,-7,B,A,A,B,A,B,B,A,B,A,A,B,B,A,A,B,B,A,A,B,B,A,A,B,ego_opt,ego_opt,both_opt,both_opt
1,3,4,2,B,A,B,A,6,4,2,-2,B,A,A,B,A,B,B,A,B,A,A,B,B,A,A,B,B,A,A,B,B,A,A,B,ego_opt,ego_opt,both_opt,both_opt
7,8,8,4,A,B,B,A,15,12,4,-1,B,A,A,B,A,B,B,A,A,B,B,A,B,A,A,B,B,A,A,B,B,A,A,B,other_opt,other_opt,both_opt,both_opt
5,6,7,3,A,B,B,A,11,10,4,-1,B,A,A,B,A,B,B,A,A,B,B,A,B,A,A,B,B,A,A,B,B,A,A,B,other_opt,other_opt,both_opt,both_opt
4,8,5,1,A,B,B,A,12,6,4,-4,B,A,A,B,A,B,B,A,A,B,B,A,B,A,A,B,B,A,A,B,B,A,A,B,other_opt,other_opt,both_opt,both_opt
2,4,1,7,B,A,A,B,8,6,-2,-6,A,B,B,A,B,A,A,B,B,A,A,B,A,B,B,A,A,B,B,A,A,B,B,A,other_opt,other_opt,both_opt,both_opt
6,3,5,8,B,A,A,B,13,9,3,-3,A,B,B,A,B,A,A,B,B,A,A,B,A,B,B,A,A,B,B,A,A,B,B,A,other_opt,other_opt,both_opt,both_opt
4,8,6,2,A,B,B,A,12,8,4,-4,B,A,A,B,A,B,B,A,A,B,B,A,B,A,A,B,B,A,A,B,B,A,A,B,other_opt,other_opt,both_opt,both_opt
6,1,4,8,B,A,A,B,12,7,5,-4,A,B,B,A,B,A,A,B,B,A,A,B,A,B,B,A,A,B,B,A,A,B,B,A,other_opt,other_opt,both_opt,both_opt
3,4,1,7,B,A,A,B,8,7,-1,-6,A,B,B,A,B,A,A,B,B,A,A,B,A,B,B,A,A,B,B,A,A,B,B,A,other_opt,other_opt,both_opt,both_opt
6,8,8,4,A,B,B,A,14,12,4,-2,B,A,A,B,A,B,B,A,A,B,B,A,B,A,A,B,B,A,A,B,B,A,A,B,other_opt,other_opt,both_opt,both_opt
7,6,8,4,A,B,B,A,13,12,4,1,B,A,A,B,A,B,B,A,A,B,B,A,B,A,A,B,B,A,A,B,B,A,A,B,other_opt,other_opt,both_opt,both_opt
7,1,3,6,B,A,A,B,9,8,6,-3,A,B,B,A,B,A,A,B,B,A,A,B,A,B,B,A,A,B,B,A,A,B,B,A,other_opt,other_opt,both_opt,both_opt
6,1,5,6,B,A,A,B,11,7,5,-1,A,B,B,A,B,A,A,B,B,A,A,B,A,B,B,A,A,B,B,A,A,B,B,A,other_opt,other_opt,both_opt,both_opt
8,3,3,5,A,B,A,B,11,8,5,-2,A,B,B,A,B,A,A,B,A,B,B,A,A,B,B,A,A,B,B,A,A,B,B,A,ego_opt,ego_opt,both_opt,both_opt
7,3,6,7,B,A,A,B,13,10,4,-1,A,B,B,A,B,A,A,B,B,A,A,B,A,B,B,A,A,B,B,A,A,B,B,A,other_opt,other_opt,both_opt,both_opt
5,6,6,4,A,B,B,A,11,10,2,-1,B,A,A,B,A,B,B,A,A,B,B,A,B,A,A,B,B,A,A,B,B,A,A,B,other_opt,other_opt,both_opt,both_opt
2,7,5,2,A,B,B,A,9,7,3,-5,B,A,A,B,A,B,B,A,A,B,B,A,B,A,A,B,B,A,A,B,B,A,A,B,other_opt,other_opt,both_opt,both_opt
7,3,6,7,B,A,A,B,13,10,4,-1,A,B,B,A,B,A,A,B,B,A,A,B,A,B,B,A,A,B,B,A,A,B,B,A,other_opt,other_opt,both_opt,both_opt
4,8,5,3,A,B,B,A,12,8,2,-4,B,A,A,B,A,B,B,A,A,B,B,A,B,A,A,B,B,A,A,B,B,A,A,B,other_opt,other_opt,both_opt,both_opt
8,1,1,2,A,B,A,B,9,3,7,-1,A,B,B,A,B,A,A,B,A,B,B,A,A,B,B,A,A,B,B,A,A,B,B,A,ego_opt,ego_opt,both_opt,both_opt
8,4,6,5,A,B,A,B,12,11,4,1,A,B,B,A,B,A,A,B,A,B,B,A,A,B,B,A,A,B,B,A,A,B,B,A,ego_opt,ego_opt,both_opt,both_opt
5,3,4,8,B,A,A,B,12,8,2,-4,A,B,B,A,B,A,A,B,B,A,A,B,A,B,B,A,A,B,B,A,A,B,B,A,other_opt,other_opt,both_opt,both_opt
5,6,8,2,A,B,B,A,11,10,6,-1,B,A,A,B,A,B,B,A,A,B,B,A,B,A,A,B,B,A,A,B,B,A,A,B,other_opt,other_opt,both_opt,both_opt
8,4,2,6,A,B,A,B,12,8,4,-4,A,B,B,A,B,A,A,B,A,B,B,A,A,B,B,A,A,B,B,A,A,B,B,A,ego_opt,ego_opt,both_opt,both_opt
5,1,2,5,B,A,A,B,7,6,4,-3,A,B,B,A,B,A,A,B,B,A,A,B,A,B,B,A,A,B,B,A,A,B,B,A,other_opt,other_opt,both_opt,both_opt
1,6,5,4,B,A,B,A,9,7,1,-5,B,A,A,B,A,B,B,A,B,A,A,B,B,A,A,B,B,A,A,B,B,A,A,B,ego_opt,ego_opt,both_opt,both_opt
5,6,6,4,A,B,B,A,11,10,2,-1,B,A,A,B,A,B,B,A,A,B,B,A,B,A,A,B,B,A,A,B,B,A,A,B,other_opt,other_opt,both_opt,both_opt
3,1,1,4,B,A,A,B,5,4,2,-3,A,B,B,A,B,A,A,B,B,A,A,B,A,B,B,A,A,B,B,A,A,B,B,A,other_opt,other_opt,both_opt,both_opt
5,8,6,2,A,B,B,A,13,8,4,-3,B,A,A,B,A,B,B,A,A,B,B,A,B,A,A,B,B,A,A,B,B,A,A,B,other_opt,other_opt,both_opt,both_opt
5,7,6,4,A,B,B,A,12,10,2,-2,B,A,A,B,A,B,B,A,A,B,B,A,B,A,A,B,B,A,A,B,B,A,A,B,other_opt,other_opt,both_opt,both_opt
8,6,5,7,A,B,A,B,14,12,2,-2,A,B,B,A,B,A,A,B,A,B,B,A,A,B,B,A,A,B,B,A,A,B,B,A,ego_opt,ego_opt,both_opt,both_opt
6,4,5,7,B,A,A,B,12,10,2,-2,A,B,B,A,B,A,A,B,B,A,A,B,A,B,B,A,A,B,B,A,A,B,B,A,other_opt,other_opt,both_opt,both_opt
1,6,4,4,B,A,B,A,8,7,0,-5,B,A,A,B,A,B,B,A,B,A,A,B,B,A,A,B,B,A,A,B,B,A,A,B,ego_opt,ego_opt,both_opt,both_opt
5,1,3,5,B,A,A,B,8,6,4,-2,A,B,B,A,B,A,A,B,B,A,A,B,A,B,B,A,A,B,B,A,A,B,B,A,other_opt,other_opt,both_opt,both_opt
1,7,6,3,B,A,B,A,9,8,3,-6,B,A,A,B,A,B,B,A,B,A,A,B,B,A,A,B,B,A,A,B,B,A,A,B,ego_opt,ego_opt,both_opt,both_opt
3,1,1,2,A,B,A,B,4,3,2,-1,A,B,B,A,B,A,A,B,A,B,B,A,A,B,B,A,A,B,B,A,A,B,B,A,ego_opt,ego_opt,both_opt,both_opt
8,1,6,2,A,B,A,B,9,8,7,4,A,B,B,A,B,A,A,B,A,B,B,A,A,B,B,A,A,B,B,A,A,B,B,A,ego_opt,ego_opt,both_opt,both_opt
5,4,1,6,A,B,A,B,9,7,1,-5,A,B,B,A,B,A,A,B,A,B,B,A,A,B,B,A,A,B,B,A,A,B,B,A,ego_opt,ego_opt,both_opt,both_opt
3,1,1,7,B,A,A,B,8,4,2,-6,A,B,B,A,B,A,A,B,B,A,A,B,A,B,B,A,A,B,B,A,A,B,B,A,other_opt,other_opt,both_opt,both_opt
4,6,5,3,A,B,B,A,10,8,2,-2,B,A,A,B,A,B,B,A,A,B,B,A,B,A,A,B,B,A,A,B,B,A,A,B,other_opt,other_opt,both_opt,both_opt
7,7,2,8,A,B,A,B,14,10,0,-6,A,B,B,A,B,A,A,B,A,B,B,A,A,B,B,A,A,B,B,A,A,B,B,A,ego_opt,ego_opt,both_opt,both_opt
5,1,2,6,B,A,A,B,8,6,4,-4,A,B,B,A,B,A,A,B,B,A,A,B,A,B,B,A,A,B,B,A,A,B,B,A,other_opt,other_opt,both_opt,both_opt
3,1,1,4,B,A,A,B,5,4,2,-3,A,B,B,A,B,A,A,B,B,A,A,B,A,B,B,A,A,B,B,A,A,B,B,A,other_opt,other_opt,both_opt,both_opt
6,1,5,3,B,A,A,B,8,7,5,2,A,B,B,A,B,A,A,B,B,A,A,B,A,B,B,A,A,B,B,A,A,B,B,A,other_opt,other_opt,both_opt,both_opt
4,8,7,2,A,B,B,A,12,9,5,-4,B,A,A,B,A,B,B,A,A,B,B,A,B,A,A,B,B,A,A,B,B,A,A,B,other_opt,other_opt,both_opt,both_opt
6,6,8,2,A,B,B,A,12,10,6,0,B,A,A,B,A,B,B,A,A,B,B,A,B,A,A,B,B,A,A,B,B,A,A,B,other_opt,other_opt,both_opt,both_opt
8,1,7,7,B,A,A,B,14,9,7,0,A,B,B,A,B,A,A,B,B,A,A,B,A,B,B,A,A,B,B,A,A,B,B,A,other_opt,other_opt,both_opt,both_opt
4,2,3,5,B,A,A,B,8,6,2,-2,A,B,B,A,B,A,A,B,B,A,A,B,A,B,B,A,A,B,B,A,A,B,B,A,other_opt,other_opt,both_opt,both_opt
3,4,6,2,B,A,B,A,8,7,4,-1,B,A,A,B,A,B,B,A,B,A,A,B,B,A,A,B,B,A,A,B,B,A,A,B,ego_opt,ego_opt,both_opt,both_opt
2,2,6,1,B,A,B,A,7,4,5,0,B,A,A,B,A,B,B,A,B,A,A,B,B,A,A,B,B,A,A,B,B,A,A,B,ego_opt,ego_opt,both_opt,both_opt
3,6,7,5,B,A,B,A,12,9,2,-3,B,A,A,B,A,B,B,A,B,A,A,B,B,A,A,B,B,A,A,B,B,A,A,B,ego_opt,ego_opt,both_opt,both_opt
1,7,2,3,A,B,B,A,8,5,-1,-6,B,A,A,B,A,B,B,A,A,B,B,A,B,A,A,B,B,A,A,B,B,A,A,B,other_opt,other_opt,both_opt,both_opt
3,1,1,4,B,A,A,B,5,4,2,-3,A,B,B,A,B,A,A,B,B,A,A,B,A,B,B,A,A,B,B,A,A,B,B,A,other_opt,other_opt,both_opt,both_opt
1,8,5,2,A,B,B,A,9,7,3,-7,B,A,A,B,A,B,B,A,A,B,B,A,B,A,A,B,B,A,A,B,B,A,A,B,other_opt,other_opt,both_opt,both_opt
3,5,7,3,B,A,B,A,10,8,4,-2,B,A,A,B,A,B,B,A,B,A,A,B,B,A,A,B,B,A,A,B,B,A,A,B,ego_opt,ego_opt,both_opt,both_opt
5,4,4,6,B,A,A,B,10,9,1,-2,A,B,B,A,B,A,A,B,B,A,A,B,A,B,B,A,A,B,B,A,A,B,B,A,other_opt,other_opt,both_opt,both_opt
2,7,5,6,B,A,B,A,11,9,-1,-5,B,A,A,B,A,B,B,A,B,A,A,B,B,A,A,B,B,A,A,B,B,A,A,B,ego_opt,ego_opt,both_opt,both_opt
5,4,1,5,A,B,A,B,9,6,1,-4,A,B,B,A,B,A,A,B,A,B,B,A,A,B,B,A,A,B,B,A,A,B,B,A,ego_opt,ego_opt,both_opt,both_opt
8,5,7,7,B,A,A,B,14,13,3,0,A,B,B,A,B,A,A,B,B,A,A,B,A,B,B,A,A,B,B,A,A,B,B,A,other_opt,other_opt,both_opt,both_opt
4,2,3,8,B,A,A,B,11,6,2,-5,A,B,B,A,B,A,A,B,B,A,A,B,A,B,B,A,A,B,B,A,A,B,B,A,other_opt,other_opt,both_opt,both_opt
1,7,6,6,B,A,B,A,12,8,0,-6,B,A,A,B,A,B,B,A,B,A,A,B,B,A,A,B,B,A,A,B,B,A,A,B,ego_opt,ego_opt,both_opt,both_opt
1,8,5,5,B,A,B,A,10,9,0,-7,B,A,A,B,A,B,B,A,B,A,A,B,B,A,A,B,B,A,A,B,B,A,A,B,ego_opt,ego_opt,both_opt,both_opt
8,3,6,4,A,B,A,B,11,10,5,2,A,B,B,A,B,A,A,B,A,B,B,A,A,B,B,A,A,B,B,A,A,B,B,A,ego_opt,ego_opt,both_opt,both_opt
3,6,7,1,A,B,B,A,9,8,6,-3,B,A,A,B,A,B,B,A,A,B,B,A,B,A,A,B,B,A,A,B,B,A,A,B,other_opt,other_opt,both_opt,both_opt
8,3,7,6,B,A,A,B,13,11,5,1,A,B,B,A,B,A,A,B,B,A,A,B,A,B,B,A,A,B,B,A,A,B,B,A,other_opt,other_opt,both_opt,both_opt
2,3,8,1,B,A,B,A,9,5,7,-1,B,A,A,B,A,B,B,A,B,A,A,B,B,A,A,B,B,A,A,B,B,A,A,B,ego_opt,ego_opt,both_opt,both_opt
8,6,3,8,A,B,A,B,14,11,2,-5,A,B,B,A,B,A,A,B,A,B,B,A,A,B,B,A,A,B,B,A,A,B,B,A,ego_opt,ego_opt,both_opt,both_opt
1,7,8,5,B,A,B,A,13,8,3,-6,B,A,A,B,A,B,B,A,B,A,A,B,B,A,A,B,B,A,A,B,B,A,A,B,ego_opt,ego_opt,both_opt,both_opt
7,1,4,2,A,B,A,B,8,6,6,2,A,B,B,A,B,A,A,B,A,B,B,A,A,B,B,A,A,B,B,A,A,B,B,A,ego_opt,ego_opt,both_opt,both_opt
8,2,4,3,A,B,A,B,10,7,6,1,A,B,B,A,B,A,A,B,A,B,B,A,A,B,B,A,A,B,B,A,A,B,B,A,ego_opt,ego_opt,both_opt,both_opt
4,6,7,1,A,B,B,A,10,8,6,-2,B,A,A,B,A,B,B,A,A,B,B,A,B,A,A,B,B,A,A,B,B,A,A,B,other_opt,other_opt,both_opt,both_opt
3,2,8,1,B,A,B,A,9,5,7,1,B,A,A,B,A,B,B,A,B,A,A,B,B,A,A,B,B,A,A,B,B,A,A,B,ego_opt,ego_opt,both_opt,both_opt
7,2,2,6,A,B,A,B,9,8,5,-4,A,B,B,A,B,A,A,B,A,B,B,A,A,B,B,A,A,B,B,A,A,B,B,A,ego_opt,ego_opt,both_opt,both_opt
2,7,6,1,A,B,B,A,9,7,5,-5,B,A,A,B,A,B,B,A,A,B,B,A,B,A,A,B,B,A,A,B,B,A,A,B,other_opt,other_opt,both_opt,both_opt
8,5,4,6,A,B,A,B,13,10,3,-2,A,B,B,A,B,A,A,B,A,B,B,A,A,B,B,A,A,B,B,A,A,B,B,A,ego_opt,ego_opt,both_opt,both_opt
4,8,7,1,A,B,B,A,12,8,6,-4,B,A,A,B,A,B,B,A,A,B,B,A,B,A,A,B,B,A,A,B,B,A,A,B,other_opt,other_opt,both_opt,both_opt
4,5,8,2,B,A,B,A,10,9,6,-1,B,A,A,B,A,B,B,A,B,A,A,B,B,A,A,B,B,A,A,B,B,A,A,B,ego_opt,ego_opt,both_opt,both_opt
5,4,2,6,A,B,A,B,9,8,1,-4,A,B,B,A,B,A,A,B,A,B,B,A,A,B,B,A,A,B,B,A,A,B,B,A,ego_opt,ego_opt,both_opt,both_opt
2,6,6,5,B,A,B,A,11,8,1,-4,B,A,A,B,A,B,B,A,B,A,A,B,B,A,A,B,B,A,A,B,B,A,A,B,ego_opt,ego_opt,both_opt,both_opt
2,6,5,2,A,B,B,A,8,7,3,-4,B,A,A,B,A,B,B,A,A,B,B,A,B,A,A,B,B,A,A,B,B,A,A,B,other_opt,other_opt,both_opt,both_opt
6,4,5,7,B,A,A,B,12,10,2,-2,A,B,B,A,B,A,A,B,B,A,A,B,A,B,B,A,A,B,B,A,A,B,B,A,other_opt,other_opt,both_opt,both_opt
5,8,8,6,B,A,B,A,14,13,2,-3,B,A,A,B,A,B,B,A,B,A,A,B,B,A,A,B,B,A,A,B,B,A,A,B,ego_opt,ego_opt,both_opt,both_opt
4,7,6,3,A,B,B,A,11,9,3,-3,B,A,A,B,A,B,B,A,A,B,B,A,B,A,A,B,B,A,A,B,B,A,A,B,other_opt,other_opt,both_opt,both_opt
4,5,3,7,B,A,A,B,10,9,-1,-4,A,B,B,A,B,A,A,B,B,A,A,B,A,B,B,A,A,B,B,A,A,B,B,A,other_opt,other_opt,both_opt,both_opt
2,6,5,2,A,B,B,A,8,7,3,-4,B,A,A,B,A,B,B,A,A,B,B,A,B,A,A,B,B,A,A,B,B,A,A,B,other_opt,other_opt,both_opt,both_opt
6,1,1,3,A,B,A,B,7,4,5,-2,A,B,B,A,B,A,A,B,A,B,B,A,A,B,B,A,A,B,B,A,A,B,B,A,ego_opt,ego_opt,both_opt,both_opt
1,7,6,4,B,A,B,A,10,8,2,-6,B,A,A,B,A,B,B,A,B,A,A,B,B,A,A,B,B,A,A,B,B,A,A,B,ego_opt,ego_opt,both_opt,both_opt
8,5,3,7,A,B,A,B,13,10,3,-4,A,B,B,A,B,A,A,B,A,B,B,A,A,B,B,A,A,B,B,A,A,B,B,A,ego_opt,ego_opt,both_opt,both_opt
6,8,7,2,A,B,B,A,14,9,5,-2,B,A,A,B,A,B,B,A,A,B,B,A,B,A,A,B,B,A,A,B,B,A,A,B,other_opt,other_opt,both_opt,both_opt
7,2,3,8,B,A,A,B,11,9,5,-5,A,B,B,A,B,A,A,B,B,A,A,B,A,B,B,A,A,B,B,A,A,B,B,A,other_opt,other_opt,both_opt,both_opt
2,7,6,1,A,B,B,A,9,7,5,-5,B,A,A,B,A,B,B,A,A,B,B,A,B,A,A,B,B,A,A,B,B,A,A,B,other_opt,other_opt,both_opt,both_opt
3,2,1,3,A,B,A,B,5,4,1,-2,A,B,B,A,B,A,A,B,A,B,B,A,A,B,B,A,A,B,B,A,A,B,B,A,ego_opt,ego_opt,both_opt,both_opt
4,3,3,5,B,A,A,B,8,7,1,-2,A,B,B,A,B,A,A,B,B,A,A,B,A,B,B,A,A,B,B,A,A,B,B,A,other_opt,other_opt,both_opt,both_opt
1,8,6,5,B,A,B,A,11,9,1,-7,B,A,A,B,A,B,B,A,B,A,A,B,B,A,A,B,B,A,A,B,B,A,A,B,ego_opt,ego_opt,both_opt,both_opt
6,2,5,4,B,A,A,B,9,8,4,1,A,B,B,A,B,A,A,B,B,A,A,B,A,B,B,A,A,B,B,A,A,B,B,A,other_opt,other_opt,both_opt,both_opt
6,2,5,4,B,A,A,B,9,8,4,1,A,B,B,A,B,A,A,B,B,A,A,B,A,B,B,A,A,B,B,A,A,B,B,A,other_opt,other_opt,both_opt,both_opt
5,2,3,8,B,A,A,B,11,7,3,-5,A,B,B,A,B,A,A,B,B,A,A,B,A,B,B,A,A,B,B,A,A,B,B,A,other_opt,other_opt,both_opt,both_opt
7,5,4,6,A,B,A,B,12,10,2,-2,A,B,B,A,B,A,A,B,A,B,B,A,A,B,B,A,A,B,B,A,A,B,B,A,ego_opt,ego_opt,both_opt,both_opt
5,3,4,6,B,A,A,B,10,8,2,-2,A,B,B,A,B,A,A,B,B,A,A,B,A,B,B,A,A,B,B,A,A,B,B,A,other_opt,other_opt,both_opt,both_opt
7,6,3,8,A,B,A,B,13,11,1,-5,A,B,B,A,B,A,A,B,A,B,B,A,A,B,B,A,A,B,B,A,A,B,B,A,ego_opt,ego_opt,both_opt,both_opt
8,6,4,7,A,B,A,B,14,11,2,-3,A,B,B,A,B,A,A,B,A,B,B,A,A,B,B,A,A,B,B,A,A,B,B,A,ego_opt,ego_opt,both_opt,both_opt
3,5,8,3,B,A,B,A,11,8,5,-2,B,A,A,B,A,B,B,A,B,A,A,B,B,A,A,B,B,A,A,B,B,A,A,B,ego_opt,ego_opt,both_opt,both_opt
8,1,6,7,B,A,A,B,13,9,7,-1,A,B,B,A,B,A,A,B,B,A,A,B,A,B,B,A,A,B,B,A,A,B,B,A,other_opt,other_opt,both_opt,both_opt
6,5,8,1,A,B,B,A,11,9,7,1,B,A,A,B,A,B,B,A,A,B,B,A,B,A,A,B,B,A,A,B,B,A,A,B,other_opt,other_opt,both_opt,both_opt
7,8,8,2,A,B,B,A,15,10,6,-1,B,A,A,B,A,B,B,A,A,B,B,A,B,A,A,B,B,A,A,B,B,A,A,B,other_opt,other_opt,both_opt,both_opt
2,4,7,3,B,A,B,A,10,6,4,-2,B,A,A,B,A,B,B,A,B,A,A,B,B,A,A,B,B,A,A,B,B,A,A,B,ego_opt,ego_opt,both_opt,both_opt
1,3,8,2,B,A,B,A,10,4,6,-2,B,A,A,B,A,B,B,A,B,A,A,B,B,A,A,B,B,A,A,B,B,A,A,B,ego_opt,ego_opt,both_opt,both_opt
1,7,5,5,B,A,B,A,10,8,0,-6,B,A,A,B,A,B,B,A,B,A,A,B,B,A,A,B,B,A,A,B,B,A,A,B,ego_opt,ego_opt,both_opt,both_opt
7,5,4,6,A,B,A,B,12,10,2,-2,A,B,B,A,B,A,A,B,A,B,B,A,A,B,B,A,A,B,B,A,A,B,B,A,ego_opt,ego_opt,both_opt,both_opt
8,1,3,4,A,B,A,B,9,7,7,-1,A,B,B,A,B,A,A,B,A,B,B,A,A,B,B,A,A,B,B,A,A,B,B,A,ego_opt,ego_opt,both_opt,both_opt
5,8,8,2,A,B,B,A,13,10,6,-3,B,A,A,B,A,B,B,A,A,B,B,A,B,A,A,B,B,A,A,B,B,A,A,B,other_opt,other_opt,both_opt,both_opt
2,3,1,5,B,A,A,B,6,5,-1,-4,A,B,B,A,B,A,A,B,B,A,A,B,A,B,B,A,A,B,B,A,A,B,B,A,other_opt,other_opt,both_opt,both_opt
6,1,1,2,A,B,A,B,7,3,5,-1,A,B,B,A,B,A,A,B,A,B,B,A,A,B,B,A,A,B,B,A,A,B,B,A,ego_opt,ego_opt,both_opt,both_opt
2,7,5,1,A,B,B,A,9,6,4,-5,B,A,A,B,A,B,B,A,A,B,B,A,B,A,A,B,B,A,A,B,B,A,A,B,other_opt,other_opt,both_opt,both_opt
8,1,4,3,A,B,A,B,9,7,7,1,A,B,B,A,B,A,A,B,A,B,B,A,A,B,B,A,A,B,B,A,A,B,B,A,ego_opt,ego_opt,both_opt,both_opt
4,6,7,2,A,B,B,A,10,9,5,-2,B,A,A,B,A,B,B,A,A,B,B,A,B,A,A,B,B,A,A,B,B,A,A,B,other_opt,other_opt,both_opt,both_opt
5,7,8,1,A,B,B,A,12,9,7,-2,B,A,A,B,A,B,B,A,A,B,B,A,B,A,A,B,B,A,A,B,B,A,A,B,other_opt,other_opt,both_opt,both_opt
1,7,5,1,A,B,B,A,8,6,4,-6,B,A,A,B,A,B,B,A,A,B,B,A,B,A,A,B,B,A,A,B,B,A,A,B,other_opt,other_opt,both_opt,both_opt
3,3,1,6,B,A,A,B,7,6,0,-5,A,B,B,A,B,A,A,B,B,A,A,B,A,B,B,A,A,B,B,A,A,B,B,A,other_opt,other_opt,both_opt,both_opt
2,5,3,2,A,B,B,A,7,5,1,-3,B,A,A,B,A,B,B,A,A,B,B,A,B,A,A,B,B,A,A,B,B,A,A,B,other_opt,other_opt,both_opt,both_opt
1,8,3,1,A,B,B,A,9,4,2,-7,B,A,A,B,A,B,B,A,A,B,B,A,B,A,A,B,B,A,A,B,B,A,A,B,other_opt,other_opt,both_opt,both_opt
3,7,6,6,B,A,B,A,12,10,0,-4,B,A,A,B,A,B,B,A,B,A,A,B,B,A,A,B,B,A,A,B,B,A,A,B,ego_opt,ego_opt,both_opt,both_opt
8,3,1,8,A,B,A,B,11,9,5,-7,A,B,B,A,B,A,A,B,A,B,B,A,A,B,B,A,A,B,B,A,A,B,B,A,ego_opt,ego_opt,both_opt,both_opt
4,4,7,2,B,A,B,A,9,8,5,0,B,A,A,B,A,B,B,A,B,A,A,B,B,A,A,B,B,A,A,B,B,A,A,B,ego_opt,ego_opt,both_opt,both_opt
8,3,1,5,A,B,A,B,11,6,5,-4,A,B,B,A,B,A,A,B,A,B,B,A,A,B,B,A,A,B,B,A,A,B,B,A,ego_opt,ego_opt,both_opt,both_opt
1,7,4,1,A,B,B,A,8,5,3,-6,B,A,A,B,A,B,B,A,A,B,B,A,B,A,A,B,B,A,A,B,B,A,A,B,other_opt,other_opt,both_opt,both_opt
8,1,5,2,A,B,A,B,9,7,7,3,A,B,B,A,B,A,A,B,A,B,B,A,A,B,B,A,A,B,B,A,A,B,B,A,ego_opt,ego_opt,both_opt,both_opt
2,8,7,4,B,A,B,A,11,10,3,-6,B,A,A,B,A,B,B,A,B,A,A,B,B,A,A,B,B,A,A,B,B,A,A,B,ego_opt,ego_opt,both_opt,both_opt
3,6,8,5,B,A,B,A,13,9,3,-3,B,A,A,B,A,B,B,A,B,A,A,B,B,A,A,B,B,A,A,B,B,A,A,B,ego_opt,ego_opt,both_opt,both_opt
5,6,7,2,A,B,B,A,11,9,5,-1,B,A,A,B,A,B,B,A,A,B,B,A,B,A,A,B,B,A,A,B,B,A,A,B,other_opt,other_opt,both_opt,both_opt
5,7,7,4,A,B,B,A,12,11,3,-2,B,A,A,B,A,B,B,A,A,B,B,A,B,A,A,B,B,A,A,B,B,A,A,B,other_opt,other_opt,both_opt,both_opt
4,8,6,7,B,A,B,A,13,12,-1,-4,B,A,A,B,A,B,B,A,B,A,A,B,B,A,A,B,B,A,A,B,B,A,A,B,ego_opt,ego_opt,both_opt,both_opt
7,5,8,3,A,B,B,A,12,11,5,2,B,A,A,B,A,B,B,A,A,B,B,A,B,A,A,B,B,A,A,B,B,A,A,B,other_opt,other_opt,both_opt,both_opt
6,2,4,7,B,A,A,B,11,8,4,-3,A,B,B,A,B,A,A,B,B,A,A,B,A,B,B,A,A,B,B,A,A,B,B,A,other_opt,other_opt,both_opt,both_opt
8,2,2,4,A,B,A,B,10,6,6,-2,A,B,B,A,B,A,A,B,A,B,B,A,A,B,B,A,A,B,B,A,A,B,B,A,ego_opt,ego_opt,both_opt,both_opt
3,8,7,3,A,B,B,A,11,10,4,-5,B,A,A,B,A,B,B,A,A,B,B,A,B,A,A,B,B,A,A,B,B,A,A,B,other_opt,other_opt,both_opt,both_opt
8,4,5,8,B,A,A,B,13,12,4,-3,A,B,B,A,B,A,A,B,B,A,A,B,A,B,B,A,A,B,B,A,A,B,B,A,other_opt,other_opt,both_opt,both_opt
6,3,4,8,B,A,A,B,12,9,3,-4,A,B,B,A,B,A,A,B,B,A,A,B,A,B,B,A,A,B,B,A,A,B,B,A,other_opt,other_opt,both_opt,both_opt
3,4,6,2,B,A,B,A,8,7,4,-1,B,A,A,B,A,B,B,A,B,A,A,B,B,A,A,B,B,A,A,B,B,A,A,B,ego_opt,ego_opt,both_opt,both_opt
5,4,4,7,B,A,A,B,11,9,1,-3,A,B,B,A,B,A,A,B,B,A,A,B,A,B,B,A,A,B,B,A,A,B,B,A,other_opt,other_opt,both_opt,both_opt
5,2,4,7,B,A,A,B,11,7,3,-3,A,B,B,A,B,A,A,B,B,A,A,B,A,B,B,A,A,B,B,A,A,B,B,A,other_opt,other_opt,both_opt,both_opt
6,1,1,4,A,B,A,B,7,5,5,-3,A,B,B,A,B,A,A,B,A,B,B,A,A,B,B,A,A,B,B,A,A,B,B,A,ego_opt,ego_opt,both_opt,both_opt
2,5,3,2,A,B,B,A,7,5,1,-3,B,A,A,B,A,B,B,A,A,B,B,A,B,A,A,B,B,A,A,B,B,A,A,B,other_opt,other_opt,both_opt,both_opt
5,5,1,6,A,B,A,B,10,7,0,-5,A,B,B,A,B,A,A,B,A,B,B,A,A,B,B,A,A,B,B,A,A,B,B,A,ego_opt,ego_opt,both_opt,both_opt
4,8,7,6,B,A,B,A,13,12,1,-4,B,A,A,B,A,B,B,A,B,A,A,B,B,A,A,B,B,A,A,B,B,A,A,B,ego_opt,ego_opt,both_opt,both_opt
2,4,7,2,B,A,B,A,9,6,5,-2,B,A,A,B,A,B,B,A,B,A,A,B,B,A,A,B,B,A,A,B,B,A,A,B,ego_opt,ego_opt,both_opt,both_opt
8,2,2,7,A,B,A,B,10,9,6,-5,A,B,B,A,B,A,A,B,A,B,B,A,A,B,B,A,A,B,B,A,A,B,B,A,ego_opt,ego_opt,both_opt,both_opt
2,7,8,3,B,A,B,A,11,9,5,-5,B,A,A,B,A,B,B,A,B,A,A,B,B,A,A,B,B,A,A,B,B,A,A,B,ego_opt,ego_opt,both_opt,both_opt
3,6,4,1,A,B,B,A,9,5,3,-3,B,A,A,B,A,B,B,A,A,B,B,A,B,A,A,B,B,A,A,B,B,A,A,B,other_opt,other_opt,both_opt,both_opt
1,8,3,5,A,B,B,A,9,8,-2,-7,B,A,A,B,A,B,B,A,A,B,B,A,B,A,A,B,B,A,A,B,B,A,A,B,other_opt,other_opt,both_opt,both_opt
2,5,7,1,B,A,B,A,8,7,6,-3,B,A,A,B,A,B,B,A,B,A,A,B,B,A,A,B,B,A,A,B,B,A,A,B,ego_opt,ego_opt,both_opt,both_opt
6,8,7,6,A,B,B,A,14,13,1,-2,B,A,A,B,A,B,B,A,A,B,B,A,B,A,A,B,B,A,A,B,B,A,A,B,other_opt,other_opt,both_opt,both_opt
5,6,2,8,A,B,A,B,11,10,-1,-6,A,B,B,A,B,A,A,B,A,B,B,A,A,B,B,A,A,B,B,A,A,B,B,A,ego_opt,ego_opt,both_opt,both_opt
1,4,8,2,B,A,B,A,10,5,6,-3,B,A,A,B,A,B,B,A,B,A,A,B,B,A,A,B,B,A,A,B,B,A,A,B,ego_opt,ego_opt,both_opt,both_opt
7,1,1,3,A,B,A,B,8,4,6,-2,A,B,B,A,B,A,A,B,A,B,B,A,A,B,B,A,A,B,B,A,A,B,B,A,ego_opt,ego_opt,both_opt,both_opt
3,7,8,3,B,A,B,A,11,10,5,-4,B,A,A,B,A,B,B,A,B,A,A,B,B,A,A,B,B,A,A,B,B,A,A,B,ego_opt,ego_opt,both_opt,both_opt
8,4,7,7,B,A,A,B,14,12,4,0,A,B,B,A,B,A,A,B,B,A,A,B,A,B,B,A,A,B,B,A,A,B,B,A,other_opt,other_opt,both_opt,both_opt
6,4,4,7,B,A,A,B,11,10,2,-3,A,B,B,A,B,A,A,B,B,A,A,B,A,B,B,A,A,B,B,A,A,B,B,A,other_opt,other_opt,both_opt,both_opt
7,1,4,5,B,A,A,B,9,8,6,-1,A,B,B,A,B,A,A,B,B,A,A,B,A,B,B,A,A,B,B,A,A,B,B,A,other_opt,other_opt,both_opt,both_opt
7,2,2,8,B,A,A,B,10,9,5,-6,A,B,B,A,B,A,A,B,B,A,A,B,A,B,B,A,A,B,B,A,A,B,B,A,other_opt,other_opt,both_opt,both_opt
7,4,6,6,B,A,A,B,12,11,3,0,A,B,B,A,B,A,A,B,B,A,A,B,A,B,B,A,A,B,B,A,A,B,B,A,other_opt,other_opt,both_opt,both_opt
5,6,1,7,A,B,A,B,11,8,-1,-6,A,B,B,A,B,A,A,B,A,B,B,A,A,B,B,A,A,B,B,A,A,B,B,A,ego_opt,ego_opt,both_opt,both_opt
2,6,3,1,A,B,B,A,8,4,2,-4,B,A,A,B,A,B,B,A,A,B,B,A,B,A,A,B,B,A,A,B,B,A,A,B,other_opt,other_opt,both_opt,both_opt
8,2,6,8,B,A,A,B,14,10,6,-2,A,B,B,A,B,A,A,B,B,A,A,B,A,B,B,A,A,B,B,A,A,B,B,A,other_opt,other_opt,both_opt,both_opt
1,3,8,2,B,A,B,A,10,4,6,-2,B,A,A,B,A,B,B,A,B,A,A,B,B,A,A,B,B,A,A,B,B,A,A,B,ego_opt,ego_opt,both_opt,both_opt
1,6,4,2,A,B,B,A,7,6,2,-5,B,A,A,B,A,B,B,A,A,B,B,A,B,A,A,B,B,A,A,B,B,A,A,B,other_opt,other_opt,both_opt,both_opt
1,6,2,2,A,B,B,A,7,4,0,-5,B,A,A,B,A,B,B,A,A,B,B,A,B,A,A,B,B,A,A,B,B,A,A,B,other_opt,other_opt,both_opt,both_opt
5,6,3,7,A,B,A,B,11,10,-1,-4,A,B,B,A,B,A,A,B,A,B,B,A,A,B,B,A,A,B,B,A,A,B,B,A,ego_opt,ego_opt,both_opt,both_opt
1,5,5,2,B,A,B,A,7,6,3,-4,B,A,A,B,A,B,B,A,B,A,A,B,B,A,A,B,B,A,A,B,B,A,A,B,ego_opt,ego_opt,both_opt,both_opt
1,4,4,2,B,A,B,A,6,5,2,-3,B,A,A,B,A,B,B,A,B,A,A,B,B,A,A,B,B,A,A,B,B,A,A,B,ego_opt,ego_opt,both_opt,both_opt
2,3,7,1,B,A,B,A,8,5,6,-1,B,A,A,B,A,B,B,A,B,A,A,B,B,A,A,B,B,A,A,B,B,A,A,B,ego_opt,ego_opt,both_opt,both_opt
5,4,8,2,B,A,B,A,10,9,6,1,B,A,A,B,A,B,B,A,B,A,A,B,B,A,A,B,B,A,A,B,B,A,A,B,ego_opt,ego_opt,both_opt,both_opt
6,6,8,3,A,B,B,A,12,11,5,0,B,A,A,B,A,B,B,A,A,B,B,A,B,A,A,B,B,A,A,B,B,A,A,B,other_opt,other_opt,both_opt,both_opt
6,8,7,1,A,B,B,A,14,8,6,-2,B,A,A,B,A,B,B,A,A,B,B,A,B,A,A,B,B,A,A,B,B,A,A,B,other_opt,other_opt,both_opt,both_opt
6,2,1,6,A,B,A,B,8,7,4,-5,A,B,B,A,B,A,A,B,A,B,B,A,A,B,B,A,A,B,B,A,A,B,B,A,ego_opt,ego_opt,both_opt,both_opt
1,5,7,3,B,A,B,A,10,6,4,-4,B,A,A,B,A,B,B,A,B,A,A,B,B,A,A,B,B,A,A,B,B,A,A,B,ego_opt,ego_opt,both_opt,both_opt
2,3,1,8,B,A,A,B,9,5,-1,-7,A,B,B,A,B,A,A,B,B,A,A,B,A,B,B,A,A,B,B,A,A,B,B,A,other_opt,other_opt,both_opt,both_opt
3,5,7,3,B,A,B,A,10,8,4,-2,B,A,A,B,A,B,B,A,B,A,A,B,B,A,A,B,B,A,A,B,B,A,A,B,ego_opt,ego_opt,both_opt,both_opt
3,7,6,1,A,B,B,A,10,7,5,-4,B,A,A,B,A,B,B,A,A,B,B,A,B,A,A,B,B,A,A,B,B,A,A,B,other_opt,other_opt,both_opt,both_opt
8,3,1,4,A,B,A,B,11,5,5,-3,A,B,B,A,B,A,A,B,A,B,B,A,A,B,B,A,A,B,B,A,A,B,B,A,ego_opt,ego_opt,both_opt,both_opt
7,2,5,8,B,A,A,B,13,9,5,-3,A,B,B,A,B,A,A,B,B,A,A,B,A,B,B,A,A,B,B,A,A,B,B,A,other_opt,other_opt,both_opt,both_opt
2,6,3,4,A,B,B,A,8,7,-1,-4,B,A,A,B,A,B,B,A,A,B,B,A,B,A,A,B,B,A,A,B,B,A,A,B,other_opt,other_opt,both_opt,both_opt
2,3,6,1,B,A,B,A,7,5,5,-1,B,A,A,B,A,B,B,A,B,A,A,B,B,A,A,B,B,A,A,B,B,A,A,B,ego_opt,ego_opt,both_opt,both_opt
5,6,7,3,A,B,B,A,11,10,4,-1,B,A,A,B,A,B,B,A,A,B,B,A,B,A,A,B,B,A,A,B,B,A,A,B,other_opt,other_opt,both_opt,both_opt
6,6,3,8,A,B,A,B,12,11,0,-5,A,B,B,A,B,A,A,B,A,B,B,A,A,B,B,A,A,B,B,A,A,B,B,A,ego_opt,ego_opt,both_opt,both_opt
4,8,8,2,A,B,B,A,12,10,6,-4,B,A,A,B,A,B,B,A,A,B,B,A,B,A,A,B,B,A,A,B,B,A,A,B,other_opt,other_opt,both_opt,both_opt
2,8,7,1,A,B,B,A,10,8,6,-6,B,A,A,B,A,B,B,A,A,B,B,A,B,A,A,B,B,A,A,B,B,A,A,B,other_opt,other_opt,both_opt,both_opt
1,6,8,3,B,A,B,A,11,7,5,-5,B,A,A,B,A,B,B,A,B,A,A,B,B,A,A,B,B,A,A,B,B,A,A,B,ego_opt,ego_opt,both_opt,both_opt
2,7,8,4,B,A,B,A,12,9,4,-5,B,A,A,B,A,B,B,A,B,A,A,B,B,A,A,B,B,A,A,B,B,A,A,B,ego_opt,ego_opt,both_opt,both_opt
6,5,1,7,A,B,A,B,11,8,1,-6,A,B,B,A,B,A,A,B,A,B,B,A,A,B,B,A,A,B,B,A,A,B,B,A,ego_opt,ego_opt,both_opt,both_opt
2,8,7,7,B,A,B,A,14,10,0,-6,B,A,A,B,A,B,B,A,B,A,A,B,B,A,A,B,B,A,A,B,B,A,A,B,ego_opt,ego_opt,both_opt,both_opt
1,3,7,2,B,A,B,A,9,4,5,-2,B,A,A,B,A,B,B,A,B,A,A,B,B,A,A,B,B,A,A,B,B,A,A,B,ego_opt,ego_opt,both_opt,both_opt
5,6,7,5,B,A,B,A,12,11,2,-1,B,A,A,B,A,B,B,A,B,A,A,B,B,A,A,B,B,A,A,B,B,A,A,B,ego_opt,ego_opt,both_opt,both_opt
6,5,7,3,A,B,B,A,11,10,4,1,B,A,A,B,A,B,B,A,A,B,B,A,B,A,A,B,B,A,A,B,B,A,A,B,other_opt,other_opt,both_opt,both_opt
3,6,4,3,A,B,B,A,9,7,1,-3,B,A,A,B,A,B,B,A,A,B,B,A,B,A,A,B,B,A,A,B,B,A,A,B,other_opt,other_opt,both_opt,both_opt
4,6,6,2,A,B,B,A,10,8,4,-2,B,A,A,B,A,B,B,A,A,B,B,A,B,A,A,B,B,A,A,B,B,A,A,B,other_opt,other_opt,both_opt,both_opt
3,2,1,5,B,A,A,B,6,5,1,-4,A,B,B,A,B,A,A,B,B,A,A,B,A,B,B,A,A,B,B,A,A,B,B,A,other_opt,other_opt,both_opt,both_opt
6,1,1,4,A,B,A,B,7,5,5,-3,A,B,B,A,B,A,A,B,A,B,B,A,A,B,B,A,A,B,B,A,A,B,B,A,ego_opt,ego_opt,both_opt,both_opt
8,1,1,7,A,B,A,B,9,8,7,-6,A,B,B,A,B,A,A,B,A,B,B,A,A,B,B,A,A,B,B,A,A,B,B,A,ego_opt,ego_opt,both_opt,both_opt
6,3,3,8,B,A,A,B,11,9,3,-5,A,B,B,A,B,A,A,B,B,A,A,B,A,B,B,A,A,B,B,A,A,B,B,A,other_opt,other_opt,both_opt,both_opt
3,5,7,3,B,A,B,A,10,8,4,-2,B,A,A,B,A,B,B,A,B,A,A,B,B,A,A,B,B,A,A,B,B,A,A,B,ego_opt,ego_opt,both_opt,both_opt
1,4,3,3,B,A,B,A,6,5,0,-3,B,A,A,B,A,B,B,A,B,A,A,B,B,A,A,B,B,A,A,B,B,A,A,B,ego_opt,ego_opt,both_opt,both_opt
1,6,7,3,B,A,B,A,10,7,4,-5,B,A,A,B,A,B,B,A,B,A,A,B,B,A,A,B,B,A,A,B,B,A,A,B,ego_opt,ego_opt,both_opt,both_opt
5,6,6,1,A,B,B,A,11,7,5,-1,B,A,A,B,A,B,B,A,A,B,B,A,B,A,A,B,B,A,A,B,B,A,A,B,other_opt,other_opt,both_opt,both_opt
8,2,7,6,B,A,A,B,13,10,6,1,A,B,B,A,B,A,A,B,B,A,A,B,A,B,B,A,A,B,B,A,A,B,B,A,other_opt,other_opt,both_opt,both_opt
5,5,1,8,A,B,A,B,10,9,0,-7,A,B,B,A,B,A,A,B,A,B,B,A,A,B,B,A,A,B,B,A,A,B,B,A,ego_opt,ego_opt,both_opt,both_opt
8,1,2,5,A,B,A,B,9,7,7,-3,A,B,B,A,B,A,A,B,A,B,B,A,A,B,B,A,A,B,B,A,A,B,B,A,ego_opt,ego_opt,both_opt,both_opt
5,8,8,1,A,B,B,A,13,9,7,-3,B,A,A,B,A,B,B,A,A,B,B,A,B,A,A,B,B,A,A,B,B,A,A,B,other_opt,other_opt,both_opt,both_opt
6,5,5,8,B,A,A,B,13,11,1,-3,A,B,B,A,B,A,A,B,B,A,A,B,A,B,B,A,A,B,B,A,A,B,B,A,other_opt,other_opt,both_opt,both_opt
8,3,1,7,A,B,A,B,11,8,5,-6,A,B,B,A,B,A,A,B,A,B,B,A,A,B,B,A,A,B,B,A,A,B,B,A,ego_opt,ego_opt,both_opt,both_opt
7,1,4,5,B,A,A,B,9,8,6,-1,A,B,B,A,B,A,A,B,B,A,A,B,A,B,B,A,A,B,B,A,A,B,B,A,other_opt,other_opt,both_opt,both_opt
3,1,1,4,B,A,A,B,5,4,2,-3,A,B,B,A,B,A,A,B,B,A,A,B,A,B,B,A,A,B,B,A,A,B,B,A,other_opt,other_opt,both_opt,both_opt
6,7,1,8,A,B,A,B,13,9,-1,-7,A,B,B,A,B,A,A,B,A,B,B,A,A,B,B,A,A,B,B,A,A,B,B,A,ego_opt,ego_opt,both_opt,both_opt
6,6,1,8,A,B,A,B,12,9,0,-7,A,B,B,A,B,A,A,B,A,B,B,A,A,B,B,A,A,B,B,A,A,B,B,A,ego_opt,ego_opt,both_opt,both_opt
5,7,8,5,B,A,B,A,13,12,3,-2,B,A,A,B,A,B,B,A,B,A,A,B,B,A,A,B,B,A,A,B,B,A,A,B,ego_opt,ego_opt,both_opt,both_opt
3,5,8,1,B,A,B,A,9,8,7,-2,B,A,A,B,A,B,B,A,B,A,A,B,B,A,A,B,B,A,A,B,B,A,A,B,ego_opt,ego_opt,both_opt,both_opt
4,3,7,1,B,A,B,A,8,7,6,1,B,A,A,B,A,B,B,A,B,A,A,B,B,A,A,B,B,A,A,B,B,A,A,B,ego_opt,ego_opt,both_opt,both_opt
1,5,6,3,B,A,B,A,9,6,3,-4,B,A,A,B,A,B,B,A,B,A,A,B,B,A,A,B,B,A,A,B,B,A,A,B,ego_opt,ego_opt,both_opt,both_opt
1,8,2,1,A,B,B,A,9,3,1,-7,B,A,A,B,A,B,B,A,A,B,B,A,B,A,A,B,B,A,A,B,B,A,A,B,other_opt,other_opt,both_opt,both_opt
2,5,7,4,B,A,B,A,11,7,3,-3,B,A,A,B,A,B,B,A,B,A,A,B,B,A,A,B,B,A,A,B,B,A,A,B,ego_opt,ego_opt,both_opt,both_opt
2,3,7,1,B,A,B,A,8,5,6,-1,B,A,A,B,A,B,B,A,B,A,A,B,B,A,A,B,B,A,A,B,B,A,A,B,ego_opt,ego_opt,both_opt,both_opt
8,2,7,8,B,A,A,B,15,10,6,-1,A,B,B,A,B,A,A,B,B,A,A,B,A,B,B,A,A,B,B,A,A,B,B,A,other_opt,other_opt,both_opt,both_opt
2,6,7,4,B,A,B,A,11,8,3,-4,B,A,A,B,A,B,B,A,B,A,A,B,B,A,A,B,B,A,A,B,B,A,A,B,ego_opt,ego_opt,both_opt,both_opt
7,2,4,8,B,A,A,B,12,9,5,-4,A,B,B,A,B,A,A,B,B,A,A,B,A,B,B,A,A,B,B,A,A,B,B,A,other_opt,other_opt,both_opt,both_opt
6,4,4,5,A,B,A,B,10,9,2,-1,A,B,B,A,B,A,A,B,A,B,B,A,A,B,B,A,A,B,B,A,A,B,B,A,ego_opt,ego_opt,both_opt,both_opt
3,8,7,2,A,B,B,A,11,9,5,-5,B,A,A,B,A,B,B,A,A,B,B,A,B,A,A,B,B,A,A,B,B,A,A,B,other_opt,other_opt,both_opt,both_opt
6,6,3,8,A,B,A,B,12,11,0,-5,A,B,B,A,B,A,A,B,A,B,B,A,A,B,B,A,A,B,B,A,A,B,B,A,ego_opt,ego_opt,both_opt,both_opt
4,7,7,3,A,B,B,A,11,10,4,-3,B,A,A,B,A,B,B,A,A,B,B,A,B,A,A,B,B,A,A,B,B,A,A,B,other_opt,other_opt,both_opt,both_opt
3,3,1,7,B,A,A,B,8,6,0,-6,A,B,B,A,B,A,A,B,B,A,A,B,A,B,B,A,A,B,B,A,A,B,B,A,other_opt,other_opt,both_opt,both_opt
2,7,8,4,B,A,B,A,12,9,4,-5,B,A,A,B,A,B,B,A,B,A,A,B,B,A,A,B,B,A,A,B,B,A,A,B,ego_opt,ego_opt,both_opt,both_opt
5,3,2,5,A,B,A,B,8,7,2,-3,A,B,B,A,B,A,A,B,A,B,B,A,A,B,B,A,A,B,B,A,A,B,B,A,ego_opt,ego_opt,both_opt,both_opt
4,6,8,3,B,A,B,A,11,10,5,-2,B,A,A,B,A,B,B,A,B,A,A,B,B,A,A,B,B,A,A,B,B,A,A,B,ego_opt,ego_opt,both_opt,both_opt
3,8,4,1,A,B,B,A,11,5,3,-5,B,A,A,B,A,B,B,A,A,B,B,A,B,A,A,B,B,A,A,B,B,A,A,B,other_opt,other_opt,both_opt,both_opt
2,4,6,2,B,A,B,A,8,6,4,-2,B,A,A,B,A,B,B,A,B,A,A,B,B,A,A,B,B,A,A,B,B,A,A,B,ego_opt,ego_opt,both_opt,both_opt
2,7,5,3,A,B,B,A,9,8,2,-5,B,A,A,B,A,B,B,A,A,B,B,A,B,A,A,B,B,A,A,B,B,A,A,B,other_opt,other_opt,both_opt,both_opt
8,1,1,4,A,B,A,B,9,5,7,-3,A,B,B,A,B,A,A,B,A,B,B,A,A,B,B,A,A,B,B,A,A,B,B,A,ego_opt,ego_opt,both_opt,both_opt
6,4,5,7,B,A,A,B,12,10,2,-2,A,B,B,A,B,A,A,B,B,A,A,B,A,B,B,A,A,B,B,A,A,B,B,A,other_opt,other_opt,both_opt,both_opt
7,6,1,8,A,B,A,B,13,9,1,-7,A,B,B,A,B,A,A,B,A,B,B,A,A,B,B,A,A,B,B,A,A,B,B,A,ego_opt,ego_opt,both_opt,both_opt
6,1,3,2,A,B,A,B,7,5,5,1,A,B,B,A,B,A,A,B,A,B,B,A,A,B,B,A,A,B,B,A,A,B,B,A,ego_opt,ego_opt,both_opt,both_opt
8,4,7,6,B,A,A,B,13,12,4,1,A,B,B,A,B,A,A,B,B,A,A,B,A,B,B,A,A,B,B,A,A,B,B,A,other_opt,other_opt,both_opt,both_opt
8,5,1,6,A,B,A,B,13,7,3,-5,A,B,B,A,B,A,A,B,A,B,B,A,A,B,B,A,A,B,B,A,A,B,B,A,ego_opt,ego_opt,both_opt,both_opt
3,2,1,3,A,B,A,B,5,4,1,-2,A,B,B,A,B,A,A,B,A,B,B,A,A,B,B,A,A,B,B,A,A,B,B,A,ego_opt,ego_opt,both_opt,both_opt
8,6,4,7,A,B,A,B,14,11,2,-3,A,B,B,A,B,A,A,B,A,B,B,A,A,B,B,A,A,B,B,A,A,B,B,A,ego_opt,ego_opt,both_opt,both_opt
3,8,6,2,A,B,B,A,11,8,4,-5,B,A,A,B,A,B,B,A,A,B,B,A,B,A,A,B,B,A,A,B,B,A,A,B,other_opt,other_opt,both_opt,both_opt
1,5,8,2,B,A,B,A,10,6,6,-4,B,A,A,B,A,B,B,A,B,A,A,B,B,A,A,B,B,A,A,B,B,A,A,B,ego_opt,ego_opt,both_opt,both_opt
7,2,3,7,B,A,A,B,10,9,5,-4,A,B,B,A,B,A,A,B,B,A,A,B,A,B,B,A,A,B,B,A,A,B,B,A,other_opt,other_opt,both_opt,both_opt
3,4,6,2,B,A,B,A,8,7,4,-1,B,A,A,B,A,B,B,A,B,A,A,B,B,A,A,B,B,A,A,B,B,A,A,B,ego_opt,ego_opt,both_opt,both_opt
1,6,5,4,B,A,B,A,9,7,1,-5,B,A,A,B,A,B,B,A,B,A,A,B,B,A,A,B,B,A,A,B,B,A,A,B,ego_opt,ego_opt,both_opt,both_opt
2,8,5,7,B,A,B,A,12,10,-2,-6,B,A,A,B,A,B,B,A,B,A,A,B,B,A,A,B,B,A,A,B,B,A,A,B,ego_opt,ego_opt,both_opt,both_opt
1,8,3,5,A,B,B,A,9,8,-2,-7,B,A,A,B,A,B,B,A,A,B,B,A,B,A,A,B,B,A,A,B,B,A,A,B,other_opt,other_opt,both_opt,both_opt
6,4,8,1,A,B,B,A,10,9,7,2,B,A,A,B,A,B,B,A,A,B,B,A,B,A,A,B,B,A,A,B,B,A,A,B,other_opt,other_opt,both_opt,both_opt
3,3,2,6,B,A,A,B,8,6,0,-4,A,B,B,A,B,A,A,B,B,A,A,B,A,B,B,A,A,B,B,A,A,B,B,A,other_opt,other_opt,both_opt,both_opt
6,5,1,6,A,B,A,B,11,7,1,-5,A,B,B,A,B,A,A,B,A,B,B,A,A,B,B,A,A,B,B,A,A,B,B,A,ego_opt,ego_opt,both_opt,both_opt
7,2,5,7,B,A,A,B,12,9,5,-2,A,B,B,A,B,A,A,B,B,A,A,B,A,B,B,A,A,B,B,A,A,B,B,A,other_opt,other_opt,both_opt,both_opt
1,7,6,1,A,B,B,A,8,7,5,-6,B,A,A,B,A,B,B,A,A,B,B,A,B,A,A,B,B,A,A,B,B,A,A,B,other_opt,other_opt,both_opt,both_opt
2,4,6,3,B,A,B,A,9,6,3,-2,B,A,A,B,A,B,B,A,B,A,A,B,B,A,A,B,B,A,A,B,B,A,A,B,ego_opt,ego_opt,both_opt,both_opt
1,2,8,1,B,A,B,A,9,3,7,-1,B,A,A,B,A,B,B,A,B,A,A,B,B,A,A,B,B,A,A,B,B,A,A,B,ego_opt,ego_opt,both_opt,both_opt
2,8,3,3,A,B,B,A,10,6,0,-6,B,A,A,B,A,B,B,A,A,B,B,A,B,A,A,B,B,A,A,B,B,A,A,B,other_opt,other_opt,both_opt,both_opt
8,4,5,5,A,B,A,B,12,10,4,0,A,B,B,A,B,A,A,B,A,B,B,A,A,B,B,A,A,B,B,A,A,B,B,A,ego_opt,ego_opt,both_opt,both_opt
1,6,6,5,B,A,B,A,11,7,1,-5,B,A,A,B,A,B,B,A,B,A,A,B,B,A,A,B,B,A,A,B,B,A,A,B,ego_opt,ego_opt,both_opt,both_opt
7,7,1,8,A,B,A,B,14,9,0,-7,A,B,B,A,B,A,A,B,A,B,B,A,A,B,B,A,A,B,B,A,A,B,B,A,ego_opt,ego_opt,both_opt,both_opt
4,1,3,7,B,A,A,B,10,5,3,-4,A,B,B,A,B,A,A,B,B,A,A,B,A,B,B,A,A,B,B,A,A,B,B,A,other_opt,other_opt,both_opt,both_opt
7,2,4,8,B,A,A,B,12,9,5,-4,A,B,B,A,B,A,A,B,B,A,A,B,A,B,B,A,A,B,B,A,A,B,B,A,other_opt,other_opt,both_opt,both_opt
3,2,1,5,B,A,A,B,6,5,1,-4,A,B,B,A,B,A,A,B,B,A,A,B,A,B,B,A,A,B,B,A,A,B,B,A,other_opt,other_opt,both_opt,both_opt
3,2,6,1,B,A,B,A,7,5,5,1,B,A,A,B,A,B,B,A,B,A,A,B,B,A,A,B,B,A,A,B,B,A,A,B,ego_opt,ego_opt,both_opt,both_opt
1,6,7,5,B,A,B,A,12,7,2,-5,B,A,A,B,A,B,B,A,B,A,A,B,B,A,A,B,B,A,A,B,B,A,A,B,ego_opt,ego_opt,both_opt,both_opt
2,4,4,1,A,B,B,A,6,5,3,-2,B,A,A,B,A,B,B,A,A,B,B,A,B,A,A,B,B,A,A,B,B,A,A,B,other_opt,other_opt,both_opt,both_opt
8,1,2,6,A,B,A,B,9,8,7,-4,A,B,B,A,B,A,A,B,A,B,B,A,A,B,B,A,A,B,B,A,A,B,B,A,ego_opt,ego_opt,both_opt,both_opt
2,5,5,1,A,B,B,A,7,6,4,-3,B,A,A,B,A,B,B,A,A,B,B,A,B,A,A,B,B,A,A,B,B,A,A,B,other_opt,other_opt,both_opt,both_opt
2,7,5,1,A,B,B,A,9,6,4,-5,B,A,A,B,A,B,B,A,A,B,B,A,B,A,A,B,B,A,A,B,B,A,A,B,other_opt,other_opt,both_opt,both_opt
1,8,5,5,B,A,B,A,10,9,0,-7,B,A,A,B,A,B,B,A,B,A,A,B,B,A,A,B,B,A,A,B,B,A,A,B,ego_opt,ego_opt,both_opt,both_opt
3,7,6,3,A,B,B,A,10,9,3,-4,B,A,A,B,A,B,B,A,A,B,B,A,B,A,A,B,B,A,A,B,B,A,A,B,other_opt,other_opt,both_opt,both_opt
5,6,3,7,A,B,A,B,11,10,-1,-4,A,B,B,A,B,A,A,B,A,B,B,A,A,B,B,A,A,B,B,A,A,B,B,A,ego_opt,ego_opt,both_opt,both_opt
3,6,7,4,B,A,B,A,11,9,3,-3,B,A,A,B,A,B,B,A,B,A,A,B,B,A,A,B,B,A,A,B,B,A,A,B,ego_opt,ego_opt,both_opt,both_opt
5,5,2,7,A,B,A,B,10,9,0,-5,A,B,B,A,B,A,A,B,A,B,B,A,A,B,B,A,A,B,B,A,A,B,B,A,ego_opt,ego_opt,both_opt,both_opt
1,7,6,5,B,A,B,A,11,8,1,-6,B,A,A,B,A,B,B,A,B,A,A,B,B,A,A,B,B,A,A,B,B,A,A,B,ego_opt,ego_opt,both_opt,both_opt
5,7,7,1,A,B,B,A,12,8,6,-2,B,A,A,B,A,B,B,A,A,B,B,A,B,A,A,B,B,A,A,B,B,A,A,B,other_opt,other_opt,both_opt,both_opt
3,2,5,1,B,A,B,A,6,5,4,1,B,A,A,B,A,B,B,A,B,A,A,B,B,A,A,B,B,A,A,B,B,A,A,B,ego_opt,ego_opt,both_opt,both_opt
7,3,5,7,B,A,A,B,12,10,4,-2,A,B,B,A,B,A,A,B,B,A,A,B,A,B,B,A,A,B,B,A,A,B,B,A,other_opt,other_opt,both_opt,both_opt
2,7,4,6,B,A,B,A,10,9,-2,-5,B,A,A,B,A,B,B,A,B,A,A,B,B,A,A,B,B,A,A,B,B,A,A,B,ego_opt,ego_opt,both_opt,both_opt
5,3,1,6,A,B,A,B,8,7,2,-5,A,B,B,A,B,A,A,B,A,B,B,A,A,B,B,A,A,B,B,A,A,B,B,A,ego_opt,ego_opt,both_opt,both_opt
8,3,1,7,A,B,A,B,11,8,5,-6,A,B,B,A,B,A,A,B,A,B,B,A,A,B,B,A,A,B,B,A,A,B,B,A,ego_opt,ego_opt,both_opt,both_opt
3,7,8,5,B,A,B,A,13,10,3,-4,B,A,A,B,A,B,B,A,B,A,A,B,B,A,A,B,B,A,A,B,B,A,A,B,ego_opt,ego_opt,both_opt,both_opt
2,8,8,7,B,A,B,A,15,10,1,-6,B,A,A,B,A,B,B,A,B,A,A,B,B,A,A,B,B,A,A,B,B,A,A,B,ego_opt,ego_opt,both_opt,both_opt
2,7,7,3,B,A,B,A,10,9,4,-5,B,A,A,B,A,B,B,A,B,A,A,B,B,A,A,B,B,A,A,B,B,A,A,B,ego_opt,ego_opt,both_opt,both_opt
6,5,2,6,A,B,A,B,11,8,1,-4,A,B,B,A,B,A,A,B,A,B,B,A,A,B,B,A,A,B,B,A,A,B,B,A,ego_opt,ego_opt,both_opt,both_opt
8,1,7,8,B,A,A,B,15,9,7,-1,A,B,B,A,B,A,A,B,B,A,A,B,A,B,B,A,A,B,B,A,A,B,B,A,other_opt,other_opt,both_opt,both_opt
8,6,4,8,A,B,A,B,14,12,2,-4,A,B,B,A,B,A,A,B,A,B,B,A,A,B,B,A,A,B,B,A,A,B,B,A,ego_opt,ego_opt,both_opt,both_opt
1,7,6,6,B,A,B,A,12,8,0,-6,B,A,A,B,A,B,B,A,B,A,A,B,B,A,A,B,B,A,A,B,B,A,A,B,ego_opt,ego_opt,both_opt,both_opt
4,3,3,8,B,A,A,B,11,7,1,-5,A,B,B,A,B,A,A,B,B,A,A,B,A,B,B,A,A,B,B,A,A,B,B,A,other_opt,other_opt,both_opt,both_opt
5,3,3,7,B,A,A,B,10,8,2,-4,A,B,B,A,B,A,A,B,B,A,A,B,A,B,B,A,A,B,B,A,A,B,B,A,other_opt,other_opt,both_opt,both_opt
5,2,1,7,B,A,A,B,8,7,3,-6,A,B,B,A,B,A,A,B,B,A,A,B,A,B,B,A,A,B,B,A,A,B,B,A,other_opt,other_opt,both_opt,both_opt
3,2,6,1,B,A,B,A,7,5,5,1,B,A,A,B,A,B,B,A,B,A,A,B,B,A,A,B,B,A,A,B,B,A,A,B,ego_opt,ego_opt,both_opt,both_opt
5,7,6,5,A,B,B,A,12,11,1,-2,B,A,A,B,A,B,B,A,A,B,B,A,B,A,A,B,B,A,A,B,B,A,A,B,other_opt,other_opt,both_opt,both_opt
5,6,8,5,B,A,B,A,13,11,3,-1,B,A,A,B,A,B,B,A,B,A,A,B,B,A,A,B,B,A,A,B,B,A,A,B,ego_opt,ego_opt,both_opt,both_opt
7,1,1,2,A,B,A,B,8,3,6,-1,A,B,B,A,B,A,A,B,A,B,B,A,A,B,B,A,A,B,B,A,A,B,B,A,ego_opt,ego_opt,both_opt,both_opt
8,4,5,8,B,A,A,B,13,12,4,-3,A,B,B,A,B,A,A,B,B,A,A,B,A,B,B,A,A,B,B,A,A,B,B,A,other_opt,other_opt,both_opt,both_opt
1,6,2,2,A,B,B,A,7,4,0,-5,B,A,A,B,A,B,B,A,A,B,B,A,B,A,A,B,B,A,A,B,B,A,A,B,other_opt,other_opt,both_opt,both_opt
7,3,2,6,A,B,A,B,10,8,4,-4,A,B,B,A,B,A,A,B,A,B,B,A,A,B,B,A,A,B,B,A,A,B,B,A,ego_opt,ego_opt,both_opt,both_opt
1,3,5,1,B,A,B,A,6,4,4,-2,B,A,A,B,A,B,B,A,B,A,A,B,B,A,A,B,B,A,A,B,B,A,A,B,ego_opt,ego_opt,both_opt,both_opt
1,7,5,4,B,A,B,A,9,8,1,-6,B,A,A,B,A,B,B,A,B,A,A,B,B,A,A,B,B,A,A,B,B,A,A,B,ego_opt,ego_opt,both_opt,both_opt
6,6,7,2,A,B,B,A,12,9,5,0,B,A,A,B,A,B,B,A,A,B,B,A,B,A,A,B,B,A,A,B,B,A,A,B,other_opt,other_opt,both_opt,both_opt
3,4,7,2,B,A,B,A,9,7,5,-1,B,A,A,B,A,B,B,A,B,A,A,B,B,A,A,B,B,A,A,B,B,A,A,B,ego_opt,ego_opt,both_opt,both_opt
4,8,5,4,A,B,B,A,12,9,1,-4,B,A,A,B,A,B,B,A,A,B,B,A,B,A,A,B,B,A,A,B,B,A,A,B,other_opt,other_opt,both_opt,both_opt
2,6,8,5,B,A,B,A,13,8,3,-4,B,A,A,B,A,B,B,A,B,A,A,B,B,A,A,B,B,A,A,B,B,A,A,B,ego_opt,ego_opt,both_opt,both_opt
5,4,2,8,B,A,A,B,10,9,1,-6,A,B,B,A,B,A,A,B,B,A,A,B,A,B,B,A,A,B,B,A,A,B,B,A,other_opt,other_opt,both_opt,both_opt
2,8,5,3,A,B,B,A,10,8,2,-6,B,A,A,B,A,B,B,A,A,B,B,A,B,A,A,B,B,A,A,B,B,A,A,B,other_opt,other_opt,both_opt,both_opt
3,5,8,3,B,A,B,A,11,8,5,-2,B,A,A,B,A,B,B,A,B,A,A,B,B,A,A,B,B,A,A,B,B,A,A,B,ego_opt,ego_opt,both_opt,both_opt
1,5,7,3,B,A,B,A,10,6,4,-4,B,A,A,B,A,B,B,A,B,A,A,B,B,A,A,B,B,A,A,B,B,A,A,B,ego_opt,ego_opt,both_opt,both_opt
1,5,4,1,A,B,B,A,6,5,3,-4,B,A,A,B,A,B,B,A,A,B,B,A,B,A,A,B,B,A,A,B,B,A,A,B,other_opt,other_opt,both_opt,both_opt
3,1,1,5,B,A,A,B,6,4,2,-4,A,B,B,A,B,A,A,B,B,A,A,B,A,B,B,A,A,B,B,A,A,B,B,A,other_opt,other_opt,both_opt,both_opt
3,4,2,8,B,A,A,B,10,7,-1,-6,A,B,B,A,B,A,A,B,B,A,A,B,A,B,B,A,A,B,B,A,A,B,B,A,other_opt,other_opt,both_opt,both_opt
2,4,7,3,B,A,B,A,10,6,4,-2,B,A,A,B,A,B,B,A,B,A,A,B,B,A,A,B,B,A,A,B,B,A,A,B,ego_opt,ego_opt,both_opt,both_opt
7,4,4,6,A,B,A,B,11,10,3,-2,A,B,B,A,B,A,A,B,A,B,B,A,A,B,B,A,A,B,B,A,A,B,B,A,ego_opt,ego_opt,both_opt,both_opt
7,7,4,8,A,B,A,B,14,12,0,-4,A,B,B,A,B,A,A,B,A,B,B,A,A,B,B,A,A,B,B,A,A,B,B,A,ego_opt,ego_opt,both_opt,both_opt
3,5,1,6,A,B,A,B,8,7,-2,-5,A,B,B,A,B,A,A,B,A,B,B,A,A,B,B,A,A,B,B,A,A,B,B,A,ego_opt,ego_opt,both_opt,both_opt
6,6,7,3,A,B,B,A,12,10,4,0,B,A,A,B,A,B,B,A,A,B,B,A,B,A,A,B,B,A,A,B,B,A,A,B,other_opt,other_opt,both_opt,both_opt
3,4,8,1,B,A,B,A,9,7,7,-1,B,A,A,B,A,B,B,A,B,A,A,B,B,A,A,B,B,A,A,B,B,A,A,B,ego_opt,ego_opt,both_opt,both_opt
1,3,5,1,B,A,B,A,6,4,4,-2,B,A,A,B,A,B,B,A,B,A,A,B,B,A,A,B,B,A,A,B,B,A,A,B,ego_opt,ego_opt,both_opt,both_opt
7,1,4,8,B,A,A,B,12,8,6,-4,A,B,B,A,B,A,A,B,B,A,A,B,A,B,B,A,A,B,B,A,A,B,B,A,other_opt,other_opt,both_opt,both_opt
5,6,2,7,A,B,A,B,11,9,-1,-5,A,B,B,A,B,A,A,B,A,B,B,A,A,B,B,A,A,B,B,A,A,B,B,A,ego_opt,ego_opt,both_opt,both_opt
6,5,7,2,A,B,B,A,11,9,5,1,B,A,A,B,A,B,B,A,A,B,B,A,B,A,A,B,B,A,A,B,B,A,A,B,other_opt,other_opt,both_opt,both_opt
4,4,3,8,B,A,A,B,11,8,0,-5,A,B,B,A,B,A,A,B,B,A,A,B,A,B,B,A,A,B,B,A,A,B,B,A,other_opt,other_opt,both_opt,both_opt
3,2,1,7,B,A,A,B,8,5,1,-6,A,B,B,A,B,A,A,B,B,A,A,B,A,B,B,A,A,B,B,A,A,B,B,A,other_opt,other_opt,both_opt,both_opt
8,2,2,6,A,B,A,B,10,8,6,-4,A,B,B,A,B,A,A,B,A,B,B,A,A,B,B,A,A,B,B,A,A,B,B,A,ego_opt,ego_opt,both_opt,both_opt
5,6,8,5,B,A,B,A,13,11,3,-1,B,A,A,B,A,B,B,A,B,A,A,B,B,A,A,B,B,A,A,B,B,A,A,B,ego_opt,ego_opt,both_opt,both_opt
1,7,2,4,A,B,B,A,8,6,-2,-6,B,A,A,B,A,B,B,A,A,B,B,A,B,A,A,B,B,A,A,B,B,A,A,B,other_opt,other_opt,both_opt,both_opt
5,1,4,6,B,A,A,B,10,6,4,-2,A,B,B,A,B,A,A,B,B,A,A,B,A,B,B,A,A,B,B,A,A,B,B,A,other_opt,other_opt,both_opt,both_opt
5,7,7,2,A,B,B,A,12,9,5,-2,B,A,A,B,A,B,B,A,A,B,B,A,B,A,A,B,B,A,A,B,B,A,A,B,other_opt,other_opt,both_opt,both_opt
8,4,1,8,A,B,A,B,12,9,4,-7,A,B,B,A,B,A,A,B,A,B,B,A,A,B,B,A,A,B,B,A,A,B,B,A,ego_opt,ego_opt,both_opt,both_opt
1,7,6,5,B,A,B,A,11,8,1,-6,B,A,A,B,A,B,B,A,B,A,A,B,B,A,A,B,B,A,A,B,B,A,A,B,ego_opt,ego_opt,both_opt,both_opt
4,7,7,5,B,A,B,A,12,11,2,-3,B,A,A,B,A,B,B,A,B,A,A,B,B,A,A,B,B,A,A,B,B,A,A,B,ego_opt,ego_opt,both_opt,both_opt
7,3,3,8,B,A,A,B,11,10,4,-5,A,B,B,A,B,A,A,B,B,A,A,B,A,B,B,A,A,B,B,A,A,B,B,A,other_opt,other_opt,both_opt,both_opt
2,7,5,5,B,A,B,A,10,9,0,-5,B,A,A,B,A,B,B,A,B,A,A,B,B,A,A,B,B,A,A,B,B,A,A,B,ego_opt,ego_opt,both_opt,both_opt
5,4,2,6,A,B,A,B,9,8,1,-4,A,B,B,A,B,A,A,B,A,B,B,A,A,B,B,A,A,B,B,A,A,B,B,A,ego_opt,ego_opt,both_opt,both_opt
2,8,5,7,B,A,B,A,12,10,-2,-6,B,A,A,B,A,B,B,A,B,A,A,B,B,A,A,B,B,A,A,B,B,A,A,B,ego_opt,ego_opt,both_opt,both_opt
5,1,3,2,A,B,A,B,6,5,4,1,A,B,B,A,B,A,A,B,A,B,B,A,A,B,B,A,A,B,B,A,A,B,B,A,ego_opt,ego_opt,both_opt,both_opt
2,8,4,4,A,B,B,A,10,8,0,-6,B,A,A,B,A,B,B,A,A,B,B,A,B,A,A,B,B,A,A,B,B,A,A,B,other_opt,other_opt,both_opt,both_opt
8,1,7,6,B,A,A,B,13,9,7,1,A,B,B,A,B,A,A,B,B,A,A,B,A,B,B,A,A,B,B,A,A,B,B,A,other_opt,other_opt,both_opt,both_opt
8,5,4,6,A,B,A,B,13,10,3,-2,A,B,B,A,B,A,A,B,A,B,B,A,A,B,B,A,A,B,B,A,A,B,B,A,ego_opt,ego_opt,both_opt,both_opt
6,1,5,4,B,A,A,B,9,7,5,1,A,B,B,A,B,A,A,B,B,A,A,B,A,B,B,A,A,B,B,A,A,B,B,A,other_opt,other_opt,both_opt,both_opt
2,6,8,3,B,A,B,A,11,8,5,-4,B,A,A,B,A,B,B,A,B,A,A,B,B,A,A,B,B,A,A,B,B,A,A,B,ego_opt,ego_opt,both_opt,both_opt
3,4,2,8,B,A,A,B,10,7,-1,-6,A,B,B,A,B,A,A,B,B,A,A,B,A,B,B,A,A,B,B,A,A,B,B,A,other_opt,other_opt,both_opt,both_opt
3,8,4,1,A,B,B,A,11,5,3,-5,B,A,A,B,A,B,B,A,A,B,B,A,B,A,A,B,B,A,A,B,B,A,A,B,other_opt,other_opt,both_opt,both_opt
7,1,1,4,A,B,A,B,8,5,6,-3,A,B,B,A,B,A,A,B,A,B,B,A,A,B,B,A,A,B,B,A,A,B,B,A,ego_opt,ego_opt,both_opt,both_opt
8,2,7,8,B,A,A,B,15,10,6,-1,A,B,B,A,B,A,A,B,B,A,A,B,A,B,B,A,A,B,B,A,A,B,B,A,other_opt,other_opt,both_opt,both_opt
2,3,8,1,B,A,B,A,9,5,7,-1,B,A,A,B,A,B,B,A,B,A,A,B,B,A,A,B,B,A,A,B,B,A,A,B,ego_opt,ego_opt,both_opt,both_opt
7,6,2,8,A,B,A,B,13,10,1,-6,A,B,B,A,B,A,A,B,A,B,B,A,A,B,B,A,A,B,B,A,A,B,B,A,ego_opt,ego_opt,both_opt,both_opt
7,1,2,4,A,B,A,B,8,6,6,-2,A,B,B,A,B,A,A,B,A,B,B,A,A,B,B,A,A,B,B,A,A,B,B,A,ego_opt,ego_opt,both_opt,both_opt
4,2,2,7,B,A,A,B,9,6,2,-5,A,B,B,A,B,A,A,B,B,A,A,B,A,B,B,A,A,B,B,A,A,B,B,A,other_opt,other_opt,both_opt,both_opt
4,4,2,7,B,A,A,B,9,8,0,-5,A,B,B,A,B,A,A,B,B,A,A,B,A,B,B,A,A,B,B,A,A,B,B,A,other_opt,other_opt,both_opt,both_opt
2,8,6,6,B,A,B,A,12,10,0,-6,B,A,A,B,A,B,B,A,B,A,A,B,B,A,A,B,B,A,A,B,B,A,A,B,ego_opt,ego_opt,both_opt,both_opt
4,2,7,1,B,A,B,A,8,6,6,2,B,A,A,B,A,B,B,A,B,A,A,B,B,A,A,B,B,A,A,B,B,A,A,B,ego_opt,ego_opt,both_opt,both_opt
7,4,1,6,A,B,A,B,11,7,3,-5,A,B,B,A,B,A,A,B,A,B,B,A,A,B,B,A,A,B,B,A,A,B,B,A,ego_opt,ego_opt,both_opt,both_opt
6,4,5,6,B,A,A,B,11,10,2,-1,A,B,B,A,B,A,A,B,B,A,A,B,A,B,B,A,A,B,B,A,A,B,B,A,other_opt,other_opt,both_opt,both_opt
6,7,7,1,A,B,B,A,13,8,6,-1,B,A,A,B,A,B,B,A,A,B,B,A,B,A,A,B,B,A,A,B,B,A,A,B,other_opt,other_opt,both_opt,both_opt
7,5,2,6,A,B,A,B,12,8,2,-4,A,B,B,A,B,A,A,B,A,B,B,A,A,B,B,A,A,B,B,A,A,B,B,A,ego_opt,ego_opt,both_opt,both_opt
3,6,4,1,A,B,B,A,9,5,3,-3,B,A,A,B,A,B,B,A,A,B,B,A,B,A,A,B,B,A,A,B,B,A,A,B,other_opt,other_opt,both_opt,both_opt
4,6,8,1,A,B,B,A,10,9,7,-2,B,A,A,B,A,B,B,A,A,B,B,A,B,A,A,B,B,A,A,B,B,A,A,B,other_opt,other_opt,both_opt,both_opt
4,1,2,7,B,A,A,B,9,5,3,-5,A,B,B,A,B,A,A,B,B,A,A,B,A,B,B,A,A,B,B,A,A,B,B,A,other_opt,other_opt,both_opt,both_opt
4,1,3,4,B,A,A,B,7,5,3,-1,A,B,B,A,B,A,A,B,B,A,A,B,A,B,B,A,A,B,B,A,A,B,B,A,other_opt,other_opt,both_opt,both_opt
7,1,4,6,B,A,A,B,10,8,6,-2,A,B,B,A,B,A,A,B,B,A,A,B,A,B,B,A,A,B,B,A,A,B,B,A,other_opt,other_opt,both_opt,both_opt
8,2,7,8,B,A,A,B,15,10,6,-1,A,B,B,A,B,A,A,B,B,A,A,B,A,B,B,A,A,B,B,A,A,B,B,A,other_opt,other_opt,both_opt,both_opt
4,6,6,3,A,B,B,A,10,9,3,-2,B,A,A,B,A,B,B,A,A,B,B,A,B,A,A,B,B,A,A,B,B,A,A,B,other_opt,other_opt,both_opt,both_opt
5,3,4,5,B,A,A,B,9,8,2,-1,A,B,B,A,B,A,A,B,B,A,A,B,A,B,B,A,A,B,B,A,A,B,B,A,other_opt,other_opt,both_opt,both_opt
5,8,7,7,B,A,B,A,14,13,0,-3,B,A,A,B,A,B,B,A,B,A,A,B,B,A,A,B,B,A,A,B,B,A,A,B,ego_opt,ego_opt,both_opt,both_opt
7,8,8,1,A,B,B,A,15,9,7,-1,B,A,A,B,A,B,B,A,A,B,B,A,B,A,A,B,B,A,A,B,B,A,A,B,other_opt,other_opt,both_opt,both_opt
8,1,3,2,A,B,A,B,9,5,7,1,A,B,B,A,B,A,A,B,A,B,B,A,A,B,B,A,A,B,B,A,A,B,B,A,ego_opt,ego_opt,both_opt,both_opt
3,2,2,5,B,A,A,B,7,5,1,-3,A,B,B,A,B,A,A,B,B,A,A,B,A,B,B,A,A,B,B,A,A,B,B,A,other_opt,other_opt,both_opt,both_opt
8,4,3,6,A,B,A,B,12,9,4,-3,A,B,B,A,B,A,A,B,A,B,B,A,A,B,B,A,A,B,B,A,A,B,B,A,ego_opt,ego_opt,both_opt,both_opt
5,6,7,5,B,A,B,A,12,11,2,-1,B,A,A,B,A,B,B,A,B,A,A,B,B,A,A,B,B,A,A,B,B,A,A,B,ego_opt,ego_opt,both_opt,both_opt
8,6,3,7,A,B,A,B,14,10,2,-4,A,B,B,A,B,A,A,B,A,B,B,A,A,B,B,A,A,B,B,A,A,B,B,A,ego_opt,ego_opt,both_opt,both_opt
8,3,5,5,A,B,A,B,11,10,5,0,A,B,B,A,B,A,A,B,A,B,B,A,A,B,B,A,A,B,B,A,A,B,B,A,ego_opt,ego_opt,both_opt,both_opt
5,3,2,7,B,A,A,B,9,8,2,-5,A,B,B,A,B,A,A,B,B,A,A,B,A,B,B,A,A,B,B,A,A,B,B,A,other_opt,other_opt,both_opt,both_opt
8,1,6,5,B,A,A,B,11,9,7,1,A,B,B,A,B,A,A,B,B,A,A,B,A,B,B,A,A,B,B,A,A,B,B,A,other_opt,other_opt,both_opt,both_opt
6,1,1,5,A,B,A,B,7,6,5,-4,A,B,B,A,B,A,A,B,A,B,B,A,A,B,B,A,A,B,B,A,A,B,B,A,ego_opt,ego_opt,both_opt,both_opt
8,6,3,8,A,B,A,B,14,11,2,-5,A,B,B,A,B,A,A,B,A,B,B,A,A,B,B,A,A,B,B,A,A,B,B,A,ego_opt,ego_opt,both_opt,both_opt
